task,regime,split,difficulty,stress,tail,contact,embodiment,shortcut,horizon,scarcity,latency,alias,hazard
contact_insertion,rare_contact_tail,nominal_scaling,0.07,0.12,0.509312,0.48425,0.113357,0.20216,0.109348,0.238635,0.130832,0.111056,0.416
contact_insertion,rare_contact_tail,contact_tail_shift,0.07,0.56,0.936192,0.854122,0.130291,0.2156,0.170796,0.329969,0.158912,0.13816,0.592
contact_insertion,rare_contact_tail,embodiment_shift,0.07,0.6,0.722752,0.682553,0.207706,0.22456,0.177408,0.34439,0.167336,0.148016,0.608
contact_insertion,rare_contact_tail,shortcut_shift,0.07,0.56,0.716128,0.675108,0.137549,0.28952,0.169183,0.320355,0.158912,0.18744,0.592
contact_insertion,rare_contact_tail,recovery_scarcity,0.07,0.62,0.821744,0.764107,0.154483,0.238,0.19402,0.430917,0.178568,0.155408,0.616
contact_insertion,rare_contact_tail,cross_robot_morphology,0.07,0.66,0.780528,0.732636,0.212544,0.24248,0.185311,0.354004,0.212264,0.160336,0.632
contact_insertion,rare_contact_tail,heldout_exception_composition,0.07,0.74,0.899024,0.833141,0.185933,0.27384,0.199342,0.387653,0.21788,0.194832,0.664
contact_insertion,rare_contact_tail,combined_exception_stress,0.07,0.86,0.976304,0.902174,0.200448,0.28504,0.217567,0.421303,0.234728,0.204688,0.712
contact_insertion,occluded_precondition,nominal_scaling,0.07,0.12,0.254656,0.258267,0.113357,0.296624,0.135383,0.197491,0.15096,0.181728,0.3016
contact_insertion,occluded_precondition,contact_tail_shift,0.07,0.56,0.468096,0.455532,0.130291,0.32216,0.211461,0.273078,0.18336,0.22608,0.4292
contact_insertion,occluded_precondition,embodiment_shift,0.07,0.6,0.361376,0.364028,0.207706,0.339184,0.219648,0.285012,0.19308,0.242208,0.4408
contact_insertion,occluded_precondition,shortcut_shift,0.07,0.56,0.358064,0.360058,0.137549,0.462608,0.209464,0.265121,0.18336,0.30672,0.4292
contact_insertion,occluded_precondition,recovery_scarcity,0.07,0.62,0.410872,0.407524,0.154483,0.36472,0.240215,0.356621,0.20604,0.254304,0.4466
contact_insertion,occluded_precondition,cross_robot_morphology,0.07,0.66,0.390264,0.390739,0.212544,0.373232,0.229432,0.292969,0.24492,0.262368,0.4582
contact_insertion,occluded_precondition,heldout_exception_composition,0.07,0.74,0.449512,0.444342,0.185933,0.432816,0.246804,0.320817,0.2514,0.318816,0.4814
contact_insertion,occluded_precondition,combined_exception_stress,0.07,0.86,0.488152,0.48116,0.200448,0.454096,0.269368,0.348664,0.27084,0.334944,0.5162
contact_insertion,embodiment_mismatch,nominal_scaling,0.07,0.12,0.298944,0.333595,0.347628,0.296624,0.109348,0.255093,0.181152,0.222112,0.3744
contact_insertion,embodiment_mismatch,contact_tail_shift,0.07,0.56,0.549504,0.588395,0.39956,0.32216,0.170796,0.352725,0.220032,0.27632,0.5328
contact_insertion,embodiment_mismatch,embodiment_shift,0.07,0.6,0.424224,0.470203,0.636964,0.339184,0.177408,0.368141,0.231696,0.296032,0.5472
contact_insertion,embodiment_mismatch,shortcut_shift,0.07,0.56,0.420336,0.465074,0.421816,0.462608,0.169183,0.342448,0.220032,0.37488,0.5328
contact_insertion,embodiment_mismatch,recovery_scarcity,0.07,0.62,0.482328,0.526385,0.473748,0.36472,0.19402,0.460635,0.247248,0.310816,0.5544
contact_insertion,embodiment_mismatch,cross_robot_morphology,0.07,0.66,0.458136,0.504705,0.651802,0.373232,0.185311,0.378418,0.293904,0.320672,0.5688
contact_insertion,embodiment_mismatch,heldout_exception_composition,0.07,0.74,0.527688,0.573941,0.570194,0.432816,0.199342,0.414388,0.30168,0.389664,0.5976
contact_insertion,embodiment_mismatch,combined_exception_stress,0.07,0.86,0.573048,0.621498,0.614707,0.454096,0.217567,0.450358,0.325008,0.409376,0.6408
contact_insertion,long_horizon_compounding,nominal_scaling,0.07,0.12,0.343232,0.29055,0.1587,0.275632,0.239524,0.34561,0.241536,0.20192,0.3536
contact_insertion,long_horizon_compounding,contact_tail_shift,0.07,0.56,0.630912,0.512473,0.182408,0.29848,0.374124,0.477886,0.293376,0.2512,0.5032
contact_insertion,long_horizon_compounding,embodiment_shift,0.07,0.6,0.487072,0.409532,0.290788,0.313712,0.388608,0.498772,0.308928,0.26912,0.5168
contact_insertion,long_horizon_compounding,shortcut_shift,0.07,0.56,0.482608,0.405065,0.192568,0.424144,0.370591,0.463962,0.293376,0.3408,0.5032
contact_insertion,long_horizon_compounding,recovery_scarcity,0.07,0.62,0.553784,0.458464,0.216276,0.33656,0.424996,0.624086,0.329664,0.28256,0.5236
contact_insertion,long_horizon_compounding,cross_robot_morphology,0.07,0.66,0.526008,0.439582,0.297562,0.344176,0.405919,0.512696,0.391872,0.29152,0.5372
contact_insertion,long_horizon_compounding,heldout_exception_composition,0.07,0.74,0.605864,0.499884,0.260306,0.397488,0.436654,0.561429,0.40224,0.35424,0.5644
contact_insertion,long_horizon_compounding,combined_exception_stress,0.07,0.86,0.657944,0.541305,0.280627,0.416528,0.476575,0.610163,0.433344,0.37216,0.6052
contact_insertion,spurious_visual_shortcut,nominal_scaling,0.07,0.12,0.287872,0.182939,0.136028,0.590512,0.114555,0.189262,0.140896,0.35336,0.2912
contact_insertion,spurious_visual_shortcut,contact_tail_shift,0.07,0.56,0.529152,0.322668,0.156349,0.65368,0.178929,0.2617,0.171136,0.4396,0.4144
contact_insertion,spurious_visual_shortcut,embodiment_shift,0.07,0.6,0.408512,0.257853,0.249247,0.695792,0.185856,0.273137,0.180208,0.47096,0.4256
contact_insertion,spurious_visual_shortcut,shortcut_shift,0.07,0.56,0.404768,0.255041,0.165059,1.001104,0.177239,0.254075,0.171136,0.5964,0.4144
contact_insertion,spurious_visual_shortcut,recovery_scarcity,0.07,0.62,0.464464,0.288663,0.18538,0.75896,0.203259,0.341762,0.192304,0.49448,0.4312
contact_insertion,spurious_visual_shortcut,cross_robot_morphology,0.07,0.66,0.441168,0.276774,0.255053,0.780016,0.194135,0.280762,0.228592,0.51016,0.4424
contact_insertion,spurious_visual_shortcut,heldout_exception_composition,0.07,0.74,0.508144,0.314742,0.223119,0.927408,0.208835,0.307449,0.23464,0.61992,0.4648
contact_insertion,spurious_visual_shortcut,combined_exception_stress,0.07,0.86,0.551824,0.340821,0.240538,0.980048,0.227927,0.334137,0.252784,0.65128,0.4984
contact_insertion,recovery_scarce_failure,nominal_scaling,0.07,0.12,0.398592,0.365878,0.188928,0.30712,0.19266,0.386754,0.211344,0.232208,0.4056
contact_insertion,recovery_scarce_failure,contact_tail_shift,0.07,0.56,0.732672,0.645336,0.217152,0.334,0.300925,0.534777,0.256704,0.28888,0.5772
contact_insertion,recovery_scarce_failure,embodiment_shift,0.07,0.6,0.565632,0.515707,0.346176,0.35192,0.312576,0.558149,0.270312,0.309488,0.5928
contact_insertion,recovery_scarce_failure,shortcut_shift,0.07,0.56,0.560448,0.510082,0.229248,0.48184,0.298084,0.519196,0.256704,0.39192,0.5772
contact_insertion,recovery_scarce_failure,recovery_scarcity,0.07,0.62,0.643104,0.577325,0.257472,0.3788,0.341844,0.698382,0.288456,0.324944,0.6006
contact_insertion,recovery_scarce_failure,cross_robot_morphology,0.07,0.66,0.610848,0.553547,0.35424,0.38776,0.3265,0.573731,0.342888,0.335248,0.6162
contact_insertion,recovery_scarce_failure,heldout_exception_composition,0.07,0.74,0.703584,0.629484,0.309888,0.45048,0.351222,0.628266,0.35196,0.407376,0.6474
contact_insertion,recovery_scarce_failure,combined_exception_stress,0.07,0.86,0.764064,0.681643,0.33408,0.47288,0.383332,0.682801,0.379176,0.427984,0.6942
contact_insertion,distribution_mixture_aliasing,nominal_scaling,0.07,0.12,0.365376,0.29055,0.204042,0.506544,0.156211,0.288008,0.20128,0.474512,0.364
contact_insertion,distribution_mixture_aliasing,contact_tail_shift,0.07,0.56,0.671616,0.512473,0.234524,0.55896,0.243994,0.398238,0.24448,0.59032,0.518
contact_insertion,distribution_mixture_aliasing,embodiment_shift,0.07,0.6,0.518496,0.409532,0.37387,0.593904,0.25344,0.415643,0.25744,0.632432,0.532
contact_insertion,distribution_mixture_aliasing,shortcut_shift,0.07,0.56,0.513744,0.405065,0.247588,0.847248,0.24169,0.386635,0.24448,0.80088,0.518
contact_insertion,distribution_mixture_aliasing,recovery_scarcity,0.07,0.62,0.589512,0.458464,0.27807,0.64632,0.277171,0.520072,0.27472,0.664016,0.539
contact_insertion,distribution_mixture_aliasing,cross_robot_morphology,0.07,0.66,0.559944,0.439582,0.382579,0.663792,0.26473,0.427246,0.32656,0.685072,0.553
contact_insertion,distribution_mixture_aliasing,heldout_exception_composition,0.07,0.74,0.644952,0.499884,0.334679,0.786096,0.284774,0.467858,0.3352,0.832464,0.581
contact_insertion,distribution_mixture_aliasing,combined_exception_stress,0.07,0.86,0.700392,0.541305,0.360806,0.829776,0.31081,0.508469,0.36112,0.874576,0.623
contact_insertion,actuator_latency_shift,nominal_scaling,0.07,0.12,0.321088,0.419684,0.264499,0.275632,0.171832,0.27155,0.462944,0.212016,0.3952
contact_insertion,actuator_latency_shift,contact_tail_shift,0.07,0.56,0.590208,0.740239,0.304013,0.29848,0.268393,0.375482,0.562304,0.26376,0.5624
contact_insertion,actuator_latency_shift,embodiment_shift,0.07,0.6,0.455648,0.591546,0.484646,0.313712,0.278784,0.391892,0.592112,0.282576,0.5776
contact_insertion,actuator_latency_shift,shortcut_shift,0.07,0.56,0.451472,0.585094,0.320947,0.424144,0.265859,0.364542,0.562304,0.35784,0.5624
contact_insertion,actuator_latency_shift,recovery_scarcity,0.07,0.62,0.518056,0.662226,0.360461,0.33656,0.304888,0.490354,0.631856,0.296688,0.5852
contact_insertion,actuator_latency_shift,cross_robot_morphology,0.07,0.66,0.492072,0.634951,0.495936,0.344176,0.291203,0.402832,0.751088,0.306096,0.6004
contact_insertion,actuator_latency_shift,heldout_exception_composition,0.07,0.74,0.566776,0.722055,0.433843,0.397488,0.313252,0.441123,0.77096,0.371952,0.6308
contact_insertion,actuator_latency_shift,combined_exception_stress,0.07,0.86,0.615496,0.781884,0.467712,0.416528,0.341891,0.479413,0.830576,0.390768,0.6764
contact_insertion,mixed_exception_stress,nominal_scaling,0.07,0.12,0.487168,0.451967,0.302285,0.527536,0.223903,0.362067,0.412624,0.424032,0.468
contact_insertion,mixed_exception_stress,contact_tail_shift,0.07,0.56,0.895488,0.79718,0.347443,0.58264,0.349724,0.500643,0.501184,0.52752,0.666
contact_insertion,mixed_exception_stress,embodiment_shift,0.07,0.6,0.691328,0.637049,0.553882,0.619376,0.363264,0.522523,0.527752,0.565152,0.684
contact_insertion,mixed_exception_stress,shortcut_shift,0.07,0.56,0.684992,0.630101,0.366797,0.885712,0.346422,0.486056,0.501184,0.71568,0.666
contact_insertion,mixed_exception_stress,recovery_scarcity,0.07,0.62,0.786016,0.713167,0.411955,0.67448,0.397279,0.653805,0.563176,0.593376,0.693
contact_insertion,mixed_exception_stress,cross_robot_morphology,0.07,0.66,0.746592,0.683794,0.566784,0.692848,0.379446,0.53711,0.669448,0.612192,0.711
contact_insertion,mixed_exception_stress,heldout_exception_composition,0.07,0.74,0.859936,0.777598,0.495821,0.821424,0.408177,0.588164,0.68716,0.743904,0.747
contact_insertion,mixed_exception_stress,combined_exception_stress,0.07,0.86,0.933856,0.842029,0.534528,0.867344,0.445494,0.639218,0.740296,0.781536,0.801
deformable_handling,rare_contact_tail,nominal_scaling,0.08,0.12,0.509312,0.432734,0.110208,0.23096,0.132129,0.277333,0.130832,0.111056,0.416
deformable_handling,rare_contact_tail,contact_tail_shift,0.08,0.56,0.936192,0.763258,0.126672,0.2444,0.206378,0.383477,0.158912,0.13816,0.592
deformable_handling,rare_contact_tail,embodiment_shift,0.08,0.6,0.722752,0.609941,0.201936,0.25336,0.214368,0.400237,0.167336,0.148016,0.608
deformable_handling,rare_contact_tail,shortcut_shift,0.08,0.56,0.716128,0.603288,0.133728,0.31832,0.204429,0.372304,0.158912,0.18744,0.592
deformable_handling,rare_contact_tail,recovery_scarcity,0.08,0.62,0.821744,0.682819,0.150192,0.2668,0.234441,0.500795,0.178568,0.155408,0.616
deformable_handling,rare_contact_tail,cross_robot_morphology,0.08,0.66,0.780528,0.654696,0.20664,0.27128,0.223917,0.41141,0.212264,0.160336,0.632
deformable_handling,rare_contact_tail,heldout_exception_composition,0.08,0.74,0.899024,0.744509,0.180768,0.30264,0.240872,0.450516,0.21788,0.194832,0.664
deformable_handling,rare_contact_tail,combined_exception_stress,0.08,0.86,0.976304,0.806198,0.19488,0.31384,0.262893,0.489622,0.234728,0.204688,0.712
deformable_handling,occluded_precondition,nominal_scaling,0.08,0.12,0.254656,0.230792,0.110208,0.325424,0.163588,0.229517,0.15096,0.181728,0.3016
deformable_handling,occluded_precondition,contact_tail_shift,0.08,0.56,0.468096,0.407071,0.126672,0.35096,0.255516,0.317361,0.18336,0.22608,0.4292
deformable_handling,occluded_precondition,embodiment_shift,0.08,0.6,0.361376,0.325302,0.201936,0.367984,0.265408,0.331231,0.19308,0.242208,0.4408
deformable_handling,occluded_precondition,shortcut_shift,0.08,0.56,0.358064,0.321754,0.133728,0.491408,0.253103,0.308114,0.18336,0.30672,0.4292
deformable_handling,occluded_precondition,recovery_scarcity,0.08,0.62,0.410872,0.36417,0.150192,0.39352,0.29026,0.414451,0.20604,0.254304,0.4466
deformable_handling,occluded_precondition,cross_robot_morphology,0.08,0.66,0.390264,0.349171,0.20664,0.402032,0.277231,0.340477,0.24492,0.262368,0.4582
deformable_handling,occluded_precondition,heldout_exception_composition,0.08,0.74,0.449512,0.397071,0.180768,0.461616,0.298222,0.372841,0.2514,0.318816,0.4814
deformable_handling,occluded_precondition,combined_exception_stress,0.08,0.86,0.488152,0.429972,0.19488,0.482896,0.325487,0.405204,0.27084,0.334944,0.5162
deformable_handling,embodiment_mismatch,nominal_scaling,0.08,0.12,0.298944,0.298106,0.337971,0.325424,0.132129,0.296459,0.181152,0.222112,0.3744
deformable_handling,embodiment_mismatch,contact_tail_shift,0.08,0.56,0.549504,0.5258,0.388461,0.35096,0.206378,0.409924,0.220032,0.27632,0.5328
deformable_handling,embodiment_mismatch,embodiment_shift,0.08,0.6,0.424224,0.420181,0.61927,0.367984,0.214368,0.42784,0.231696,0.296032,0.5472
deformable_handling,embodiment_mismatch,shortcut_shift,0.08,0.56,0.420336,0.415598,0.410099,0.491408,0.204429,0.39798,0.220032,0.37488,0.5328
deformable_handling,embodiment_mismatch,recovery_scarcity,0.08,0.62,0.482328,0.470387,0.460589,0.39352,0.234441,0.535333,0.247248,0.310816,0.5544
deformable_handling,embodiment_mismatch,cross_robot_morphology,0.08,0.66,0.458136,0.451013,0.633696,0.402032,0.223917,0.439783,0.293904,0.320672,0.5688
deformable_handling,embodiment_mismatch,heldout_exception_composition,0.08,0.74,0.527688,0.512884,0.554355,0.461616,0.240872,0.481586,0.30168,0.389664,0.5976
deformable_handling,embodiment_mismatch,combined_exception_stress,0.08,0.86,0.573048,0.555381,0.597632,0.482896,0.262893,0.523389,0.325008,0.409376,0.6408
deformable_handling,long_horizon_compounding,nominal_scaling,0.08,0.12,0.343232,0.259641,0.154291,0.304432,0.289425,0.401654,0.241536,0.20192,0.3536
deformable_handling,long_horizon_compounding,contact_tail_shift,0.08,0.56,0.630912,0.457955,0.177341,0.32728,0.452066,0.555381,0.293376,0.2512,0.5032
deformable_handling,long_horizon_compounding,embodiment_shift,0.08,0.6,0.487072,0.365964,0.28271,0.342512,0.469568,0.579654,0.308928,0.26912,0.5168
deformable_handling,long_horizon_compounding,shortcut_shift,0.08,0.56,0.482608,0.361973,0.187219,0.452944,0.447797,0.539199,0.293376,0.3408,0.5032
deformable_handling,long_horizon_compounding,recovery_scarcity,0.08,0.62,0.553784,0.409692,0.210269,0.36536,0.513537,0.72529,0.329664,0.28256,0.5236
deformable_handling,long_horizon_compounding,cross_robot_morphology,0.08,0.66,0.526008,0.392818,0.289296,0.372976,0.490485,0.595836,0.391872,0.29152,0.5372
deformable_handling,long_horizon_compounding,heldout_exception_composition,0.08,0.74,0.605864,0.446705,0.253075,0.426288,0.527624,0.652472,0.40224,0.35424,0.5644
deformable_handling,long_horizon_compounding,combined_exception_stress,0.08,0.86,0.657944,0.483719,0.272832,0.445328,0.575861,0.709108,0.433344,0.37216,0.6052
deformable_handling,spurious_visual_shortcut,nominal_scaling,0.08,0.12,0.287872,0.163477,0.13225,0.619312,0.13842,0.219954,0.140896,0.35336,0.2912
deformable_handling,spurious_visual_shortcut,contact_tail_shift,0.08,0.56,0.529152,0.288342,0.152006,0.68248,0.216205,0.304137,0.171136,0.4396,0.4144
deformable_handling,spurious_visual_shortcut,embodiment_shift,0.08,0.6,0.408512,0.230422,0.242323,0.724592,0.224576,0.317429,0.180208,0.47096,0.4256
deformable_handling,spurious_visual_shortcut,shortcut_shift,0.08,0.56,0.404768,0.227909,0.160474,1.029904,0.214164,0.295276,0.171136,0.5964,0.4144
deformable_handling,spurious_visual_shortcut,recovery_scarcity,0.08,0.62,0.464464,0.257954,0.18023,0.78776,0.245604,0.397182,0.192304,0.49448,0.4312
deformable_handling,spurious_visual_shortcut,cross_robot_morphology,0.08,0.66,0.441168,0.24733,0.247968,0.808816,0.23458,0.326291,0.228592,0.51016,0.4424
deformable_handling,spurious_visual_shortcut,heldout_exception_composition,0.08,0.74,0.508144,0.281259,0.216922,0.956208,0.252342,0.357306,0.23464,0.61992,0.4648
deformable_handling,spurious_visual_shortcut,combined_exception_stress,0.08,0.86,0.551824,0.304564,0.233856,1.008848,0.275412,0.388321,0.252784,0.65128,0.4984
deformable_handling,recovery_scarce_failure,nominal_scaling,0.08,0.12,0.398592,0.326955,0.18368,0.33592,0.232798,0.44947,0.211344,0.232208,0.4056
deformable_handling,recovery_scarce_failure,contact_tail_shift,0.08,0.56,0.732672,0.576684,0.21112,0.3628,0.363618,0.621498,0.256704,0.28888,0.5772
deformable_handling,recovery_scarce_failure,embodiment_shift,0.08,0.6,0.565632,0.460844,0.33656,0.38072,0.377696,0.64866,0.270312,0.309488,0.5928
deformable_handling,recovery_scarce_failure,shortcut_shift,0.08,0.56,0.560448,0.455818,0.22288,0.51064,0.360185,0.60339,0.256704,0.39192,0.5772
deformable_handling,recovery_scarce_failure,recovery_scarcity,0.08,0.62,0.643104,0.515908,0.25032,0.4076,0.413062,0.811634,0.288456,0.324944,0.6006
deformable_handling,recovery_scarce_failure,cross_robot_morphology,0.08,0.66,0.610848,0.494659,0.3444,0.41656,0.394521,0.666768,0.342888,0.335248,0.6162
deformable_handling,recovery_scarce_failure,heldout_exception_composition,0.08,0.74,0.703584,0.562518,0.30128,0.47928,0.424393,0.730147,0.35196,0.407376,0.6474
deformable_handling,recovery_scarce_failure,combined_exception_stress,0.08,0.86,0.764064,0.609128,0.3248,0.50168,0.463193,0.793525,0.379176,0.427984,0.6942
deformable_handling,distribution_mixture_aliasing,nominal_scaling,0.08,0.12,0.365376,0.259641,0.198374,0.535344,0.188755,0.334712,0.20128,0.474512,0.364
deformable_handling,distribution_mixture_aliasing,contact_tail_shift,0.08,0.56,0.671616,0.457955,0.22801,0.58776,0.294826,0.462818,0.24448,0.59032,0.518
deformable_handling,distribution_mixture_aliasing,embodiment_shift,0.08,0.6,0.518496,0.365964,0.363485,0.622704,0.30624,0.483045,0.25744,0.632432,0.532
deformable_handling,distribution_mixture_aliasing,shortcut_shift,0.08,0.56,0.513744,0.361973,0.24071,0.876048,0.292042,0.449333,0.24448,0.80088,0.518
deformable_handling,distribution_mixture_aliasing,recovery_scarcity,0.08,0.62,0.589512,0.409692,0.270346,0.67512,0.334915,0.604408,0.27472,0.664016,0.539
deformable_handling,distribution_mixture_aliasing,cross_robot_morphology,0.08,0.66,0.559944,0.392818,0.371952,0.692592,0.319882,0.49653,0.32656,0.685072,0.553
deformable_handling,distribution_mixture_aliasing,heldout_exception_composition,0.08,0.74,0.644952,0.446705,0.325382,0.814896,0.344102,0.543726,0.3352,0.832464,0.581
deformable_handling,distribution_mixture_aliasing,combined_exception_stress,0.08,0.86,0.700392,0.483719,0.350784,0.858576,0.375562,0.590923,0.36112,0.874576,0.623
deformable_handling,actuator_latency_shift,nominal_scaling,0.08,0.12,0.321088,0.375036,0.257152,0.304432,0.207631,0.315586,0.462944,0.212016,0.3952
deformable_handling,actuator_latency_shift,contact_tail_shift,0.08,0.56,0.590208,0.66149,0.295568,0.32728,0.324308,0.436371,0.562304,0.26376,0.5624
deformable_handling,actuator_latency_shift,embodiment_shift,0.08,0.6,0.455648,0.528615,0.471184,0.342512,0.336864,0.455442,0.592112,0.282576,0.5776
deformable_handling,actuator_latency_shift,shortcut_shift,0.08,0.56,0.451472,0.52285,0.312032,0.452944,0.321246,0.423657,0.562304,0.35784,0.5624
deformable_handling,actuator_latency_shift,recovery_scarcity,0.08,0.62,0.518056,0.591777,0.350448,0.36536,0.368407,0.56987,0.631856,0.296688,0.5852
deformable_handling,actuator_latency_shift,cross_robot_morphology,0.08,0.66,0.492072,0.567403,0.48216,0.372976,0.35187,0.468156,0.751088,0.306096,0.6004
deformable_handling,actuator_latency_shift,heldout_exception_composition,0.08,0.74,0.566776,0.645241,0.421792,0.426288,0.378513,0.512656,0.77096,0.371952,0.6308
deformable_handling,actuator_latency_shift,combined_exception_stress,0.08,0.86,0.615496,0.698705,0.45472,0.445328,0.413118,0.557156,0.830576,0.390768,0.6764
deformable_handling,mixed_exception_stress,nominal_scaling,0.08,0.12,0.487168,0.403885,0.293888,0.556336,0.270549,0.420781,0.412624,0.424032,0.468
deformable_handling,mixed_exception_stress,contact_tail_shift,0.08,0.56,0.895488,0.712374,0.337792,0.61144,0.422583,0.581828,0.501184,0.52752,0.666
deformable_handling,mixed_exception_stress,embodiment_shift,0.08,0.6,0.691328,0.569278,0.538496,0.648176,0.438944,0.607256,0.527752,0.565152,0.684
deformable_handling,mixed_exception_stress,shortcut_shift,0.08,0.56,0.684992,0.563069,0.356608,0.914512,0.418593,0.564876,0.501184,0.71568,0.666
deformable_handling,mixed_exception_stress,recovery_scarcity,0.08,0.62,0.786016,0.637298,0.400512,0.70328,0.480045,0.759827,0.563176,0.593376,0.693
deformable_handling,mixed_exception_stress,cross_robot_morphology,0.08,0.66,0.746592,0.61105,0.55104,0.721648,0.458497,0.624209,0.669448,0.612192,0.711
deformable_handling,mixed_exception_stress,heldout_exception_composition,0.08,0.74,0.859936,0.694875,0.482048,0.850224,0.493213,0.683542,0.68716,0.743904,0.747
deformable_handling,mixed_exception_stress,combined_exception_stress,0.08,0.86,0.933856,0.752452,0.51968,0.896144,0.538305,0.742875,0.740296,0.781536,0.801
mobile_manipulation,rare_contact_tail,nominal_scaling,0.072,0.12,0.509312,0.309096,0.129101,0.25616,0.173134,0.232186,0.130832,0.111056,0.416
mobile_manipulation,rare_contact_tail,contact_tail_shift,0.072,0.56,0.936192,0.545184,0.148387,0.2696,0.270426,0.321051,0.158912,0.13816,0.592
mobile_manipulation,rare_contact_tail,embodiment_shift,0.072,0.6,0.722752,0.435672,0.236554,0.27856,0.280896,0.335082,0.167336,0.148016,0.608
mobile_manipulation,rare_contact_tail,shortcut_shift,0.072,0.56,0.716128,0.43092,0.156653,0.34352,0.267873,0.311697,0.158912,0.18744,0.592
mobile_manipulation,rare_contact_tail,recovery_scarcity,0.072,0.62,0.821744,0.487728,0.175939,0.292,0.307198,0.41927,0.178568,0.155408,0.616
mobile_manipulation,rare_contact_tail,cross_robot_morphology,0.072,0.66,0.780528,0.46764,0.242064,0.29648,0.293409,0.344436,0.212264,0.160336,0.632
mobile_manipulation,rare_contact_tail,heldout_exception_composition,0.072,0.74,0.899024,0.531792,0.211757,0.32784,0.315625,0.377176,0.21788,0.194832,0.664
mobile_manipulation,rare_contact_tail,combined_exception_stress,0.072,0.86,0.976304,0.575856,0.228288,0.33904,0.344481,0.409916,0.234728,0.204688,0.712
mobile_manipulation,occluded_precondition,nominal_scaling,0.072,0.12,0.254656,0.164851,0.129101,0.350624,0.214356,0.192154,0.15096,0.181728,0.3016
mobile_manipulation,occluded_precondition,contact_tail_shift,0.072,0.56,0.468096,0.290765,0.148387,0.37616,0.334813,0.265697,0.18336,0.22608,0.4292
mobile_manipulation,occluded_precondition,embodiment_shift,0.072,0.6,0.361376,0.232358,0.236554,0.393184,0.347776,0.277309,0.19308,0.242208,0.4408
mobile_manipulation,occluded_precondition,shortcut_shift,0.072,0.56,0.358064,0.229824,0.156653,0.516608,0.331652,0.257956,0.18336,0.30672,0.4292
mobile_manipulation,occluded_precondition,recovery_scarcity,0.072,0.62,0.410872,0.260122,0.175939,0.41872,0.38034,0.346982,0.20604,0.254304,0.4466
mobile_manipulation,occluded_precondition,cross_robot_morphology,0.072,0.66,0.390264,0.249408,0.242064,0.427232,0.363268,0.285051,0.24492,0.262368,0.4582
mobile_manipulation,occluded_precondition,heldout_exception_composition,0.072,0.74,0.449512,0.283622,0.211757,0.486816,0.390774,0.312146,0.2514,0.318816,0.4814
mobile_manipulation,occluded_precondition,combined_exception_stress,0.072,0.86,0.488152,0.307123,0.228288,0.508096,0.4265,0.339241,0.27084,0.334944,0.5162
mobile_manipulation,embodiment_mismatch,nominal_scaling,0.072,0.12,0.298944,0.212933,0.395909,0.350624,0.173134,0.248198,0.181152,0.222112,0.3744
mobile_manipulation,embodiment_mismatch,contact_tail_shift,0.072,0.56,0.549504,0.375571,0.455054,0.37616,0.270426,0.343192,0.220032,0.27632,0.5328
mobile_manipulation,embodiment_mismatch,embodiment_shift,0.072,0.6,0.424224,0.30013,0.725431,0.393184,0.280896,0.358191,0.231696,0.296032,0.5472
mobile_manipulation,embodiment_mismatch,shortcut_shift,0.072,0.56,0.420336,0.296856,0.480402,0.516608,0.267873,0.333193,0.220032,0.37488,0.5328
mobile_manipulation,embodiment_mismatch,recovery_scarcity,0.072,0.62,0.482328,0.33599,0.539547,0.41872,0.307198,0.448186,0.247248,0.310816,0.5544
mobile_manipulation,embodiment_mismatch,cross_robot_morphology,0.072,0.66,0.458136,0.322152,0.74233,0.427232,0.293409,0.368191,0.293904,0.320672,0.5688
mobile_manipulation,embodiment_mismatch,heldout_exception_composition,0.072,0.74,0.527688,0.366346,0.649388,0.486816,0.315625,0.403188,0.30168,0.389664,0.5976
mobile_manipulation,embodiment_mismatch,combined_exception_stress,0.072,0.86,0.573048,0.396701,0.700083,0.508096,0.344481,0.438186,0.325008,0.409376,0.6408
mobile_manipulation,long_horizon_compounding,nominal_scaling,0.072,0.12,0.343232,0.185458,0.180741,0.329632,0.379246,0.336269,0.241536,0.20192,0.3536
mobile_manipulation,long_horizon_compounding,contact_tail_shift,0.072,0.56,0.630912,0.32711,0.207742,0.35248,0.592362,0.46497,0.293376,0.2512,0.5032
mobile_manipulation,long_horizon_compounding,embodiment_shift,0.072,0.6,0.487072,0.261403,0.331175,0.367712,0.615296,0.485292,0.308928,0.26912,0.5168
mobile_manipulation,long_horizon_compounding,shortcut_shift,0.072,0.56,0.482608,0.258552,0.219314,0.478144,0.586769,0.451423,0.293376,0.3408,0.5032
mobile_manipulation,long_horizon_compounding,recovery_scarcity,0.072,0.62,0.553784,0.292637,0.246315,0.39056,0.67291,0.607219,0.329664,0.28256,0.5236
mobile_manipulation,long_horizon_compounding,cross_robot_morphology,0.072,0.66,0.526008,0.280584,0.33889,0.398176,0.642705,0.498839,0.391872,0.29152,0.5372
mobile_manipulation,long_horizon_compounding,heldout_exception_composition,0.072,0.74,0.605864,0.319075,0.29646,0.451488,0.691369,0.546255,0.40224,0.35424,0.5644
mobile_manipulation,long_horizon_compounding,combined_exception_stress,0.072,0.86,0.657944,0.345514,0.319603,0.470528,0.754577,0.593672,0.433344,0.37216,0.6052
mobile_manipulation,spurious_visual_shortcut,nominal_scaling,0.072,0.12,0.287872,0.11677,0.154921,0.644512,0.181379,0.184147,0.140896,0.35336,0.2912
mobile_manipulation,spurious_visual_shortcut,contact_tail_shift,0.072,0.56,0.529152,0.205958,0.178065,0.70768,0.283304,0.254627,0.171136,0.4396,0.4144
mobile_manipulation,spurious_visual_shortcut,embodiment_shift,0.072,0.6,0.408512,0.164587,0.283864,0.749792,0.294272,0.265755,0.180208,0.47096,0.4256
mobile_manipulation,spurious_visual_shortcut,shortcut_shift,0.072,0.56,0.404768,0.162792,0.187983,1.055104,0.280628,0.247208,0.171136,0.5964,0.4144
mobile_manipulation,spurious_visual_shortcut,recovery_scarcity,0.072,0.62,0.464464,0.184253,0.211127,0.81296,0.321827,0.332525,0.192304,0.49448,0.4312
mobile_manipulation,spurious_visual_shortcut,cross_robot_morphology,0.072,0.66,0.441168,0.176664,0.290477,0.834016,0.30738,0.273174,0.228592,0.51016,0.4424
mobile_manipulation,spurious_visual_shortcut,heldout_exception_composition,0.072,0.74,0.508144,0.200899,0.254108,0.981408,0.330655,0.29914,0.23464,0.61992,0.4648
mobile_manipulation,spurious_visual_shortcut,combined_exception_stress,0.072,0.86,0.551824,0.217546,0.273946,1.034048,0.360884,0.325106,0.252784,0.65128,0.4984
mobile_manipulation,recovery_scarce_failure,nominal_scaling,0.072,0.12,0.398592,0.233539,0.215168,0.36112,0.305046,0.376301,0.211344,0.232208,0.4056
mobile_manipulation,recovery_scarce_failure,contact_tail_shift,0.072,0.56,0.732672,0.411917,0.247312,0.388,0.476465,0.520324,0.256704,0.28888,0.5772
mobile_manipulation,recovery_scarce_failure,embodiment_shift,0.072,0.6,0.565632,0.329174,0.394256,0.40592,0.494912,0.543064,0.270312,0.309488,0.5928
mobile_manipulation,recovery_scarce_failure,shortcut_shift,0.072,0.56,0.560448,0.325584,0.261088,0.53584,0.471966,0.505164,0.256704,0.39192,0.5772
mobile_manipulation,recovery_scarce_failure,recovery_scarcity,0.072,0.62,0.643104,0.368506,0.293232,0.4328,0.541254,0.679507,0.288456,0.324944,0.6006
mobile_manipulation,recovery_scarce_failure,cross_robot_morphology,0.072,0.66,0.610848,0.353328,0.40344,0.44176,0.516958,0.558225,0.342888,0.335248,0.6162
mobile_manipulation,recovery_scarce_failure,heldout_exception_composition,0.072,0.74,0.703584,0.401798,0.352928,0.50448,0.556101,0.611286,0.35196,0.407376,0.6474
mobile_manipulation,recovery_scarce_failure,combined_exception_stress,0.072,0.86,0.764064,0.435091,0.38048,0.52688,0.606942,0.664347,0.379176,0.427984,0.6942
mobile_manipulation,distribution_mixture_aliasing,nominal_scaling,0.072,0.12,0.365376,0.185458,0.232381,0.560544,0.247334,0.280224,0.20128,0.474512,0.364
mobile_manipulation,distribution_mixture_aliasing,contact_tail_shift,0.072,0.56,0.671616,0.32711,0.267097,0.61296,0.386323,0.387475,0.24448,0.59032,0.518
mobile_manipulation,distribution_mixture_aliasing,embodiment_shift,0.072,0.6,0.518496,0.261403,0.425796,0.647904,0.40128,0.40441,0.25744,0.632432,0.532
mobile_manipulation,distribution_mixture_aliasing,shortcut_shift,0.072,0.56,0.513744,0.258552,0.281975,0.901248,0.382675,0.376186,0.24448,0.80088,0.518
mobile_manipulation,distribution_mixture_aliasing,recovery_scarcity,0.072,0.62,0.589512,0.292637,0.316691,0.70032,0.438854,0.506016,0.27472,0.664016,0.539
mobile_manipulation,distribution_mixture_aliasing,cross_robot_morphology,0.072,0.66,0.559944,0.280584,0.435715,0.717792,0.419155,0.415699,0.32656,0.685072,0.553
mobile_manipulation,distribution_mixture_aliasing,heldout_exception_composition,0.072,0.74,0.644952,0.319075,0.381162,0.840096,0.450893,0.455213,0.3352,0.832464,0.581
mobile_manipulation,distribution_mixture_aliasing,combined_exception_stress,0.072,0.86,0.700392,0.345514,0.410918,0.883776,0.492115,0.494726,0.36112,0.874576,0.623
mobile_manipulation,actuator_latency_shift,nominal_scaling,0.072,0.12,0.321088,0.267883,0.301235,0.329632,0.272068,0.264211,0.462944,0.212016,0.3952
mobile_manipulation,actuator_latency_shift,contact_tail_shift,0.072,0.56,0.590208,0.472493,0.346237,0.35248,0.424956,0.365334,0.562304,0.26376,0.5624
mobile_manipulation,actuator_latency_shift,embodiment_shift,0.072,0.6,0.455648,0.377582,0.551958,0.367712,0.441408,0.3813,0.592112,0.282576,0.5776
mobile_manipulation,actuator_latency_shift,shortcut_shift,0.072,0.56,0.451472,0.373464,0.365523,0.478144,0.420943,0.354689,0.562304,0.35784,0.5624
mobile_manipulation,actuator_latency_shift,recovery_scarcity,0.072,0.62,0.518056,0.422698,0.410525,0.39056,0.48274,0.477101,0.631856,0.296688,0.5852
mobile_manipulation,actuator_latency_shift,cross_robot_morphology,0.072,0.66,0.492072,0.405288,0.564816,0.398176,0.461071,0.391945,0.751088,0.306096,0.6004
mobile_manipulation,actuator_latency_shift,heldout_exception_composition,0.072,0.74,0.566776,0.460886,0.494099,0.451488,0.495982,0.429201,0.77096,0.371952,0.6308
mobile_manipulation,actuator_latency_shift,combined_exception_stress,0.072,0.86,0.615496,0.499075,0.532672,0.470528,0.541327,0.466456,0.830576,0.390768,0.6764
mobile_manipulation,mixed_exception_stress,nominal_scaling,0.072,0.12,0.487168,0.28849,0.344269,0.581536,0.354513,0.352282,0.412624,0.424032,0.468
mobile_manipulation,mixed_exception_stress,contact_tail_shift,0.072,0.56,0.895488,0.508838,0.395699,0.63664,0.55373,0.487112,0.501184,0.52752,0.666
mobile_manipulation,mixed_exception_stress,embodiment_shift,0.072,0.6,0.691328,0.406627,0.63081,0.673376,0.575168,0.508401,0.527752,0.565152,0.684
mobile_manipulation,mixed_exception_stress,shortcut_shift,0.072,0.56,0.684992,0.402192,0.417741,0.939712,0.548501,0.472919,0.501184,0.71568,0.666
mobile_manipulation,mixed_exception_stress,recovery_scarcity,0.072,0.62,0.786016,0.455213,0.469171,0.72848,0.629025,0.636134,0.563176,0.593376,0.693
mobile_manipulation,mixed_exception_stress,cross_robot_morphology,0.072,0.66,0.746592,0.436464,0.645504,0.746848,0.600789,0.522593,0.669448,0.612192,0.711
mobile_manipulation,mixed_exception_stress,heldout_exception_composition,0.072,0.74,0.859936,0.496339,0.564685,0.875424,0.64628,0.572268,0.68716,0.743904,0.747
mobile_manipulation,mixed_exception_stress,combined_exception_stress,0.072,0.86,0.933856,0.537466,0.608768,0.921344,0.705365,0.621942,0.740296,0.781536,0.801
bimanual_handoff,rare_contact_tail,nominal_scaling,0.078,0.12,0.509312,0.391522,0.119654,0.24536,0.145797,0.283782,0.130832,0.111056,0.416
bimanual_handoff,rare_contact_tail,contact_tail_shift,0.078,0.56,0.936192,0.690566,0.13753,0.2588,0.227727,0.392396,0.158912,0.13816,0.592
bimanual_handoff,rare_contact_tail,embodiment_shift,0.078,0.6,0.722752,0.551851,0.219245,0.26776,0.236544,0.409545,0.167336,0.148016,0.608
bimanual_handoff,rare_contact_tail,shortcut_shift,0.078,0.56,0.716128,0.545832,0.14519,0.33272,0.225577,0.380963,0.158912,0.18744,0.592
bimanual_handoff,rare_contact_tail,recovery_scarcity,0.078,0.62,0.821744,0.617789,0.163066,0.2812,0.258693,0.512442,0.178568,0.155408,0.616
bimanual_handoff,rare_contact_tail,cross_robot_morphology,0.078,0.66,0.780528,0.592344,0.224352,0.28568,0.247081,0.420978,0.212264,0.160336,0.632
bimanual_handoff,rare_contact_tail,heldout_exception_composition,0.078,0.74,0.899024,0.673603,0.196262,0.31704,0.265789,0.460993,0.21788,0.194832,0.664
bimanual_handoff,rare_contact_tail,combined_exception_stress,0.078,0.86,0.976304,0.729418,0.211584,0.32824,0.290089,0.501009,0.234728,0.204688,0.712
bimanual_handoff,occluded_precondition,nominal_scaling,0.078,0.12,0.254656,0.208812,0.119654,0.339824,0.180511,0.234854,0.15096,0.181728,0.3016
bimanual_handoff,occluded_precondition,contact_tail_shift,0.078,0.56,0.468096,0.368302,0.13753,0.36536,0.281948,0.324741,0.18336,0.22608,0.4292
bimanual_handoff,occluded_precondition,embodiment_shift,0.078,0.6,0.361376,0.294321,0.219245,0.382384,0.292864,0.338934,0.19308,0.242208,0.4408
bimanual_handoff,occluded_precondition,shortcut_shift,0.078,0.56,0.358064,0.29111,0.14519,0.505808,0.279286,0.315279,0.18336,0.30672,0.4292
bimanual_handoff,occluded_precondition,recovery_scarcity,0.078,0.62,0.410872,0.329487,0.163066,0.40792,0.320287,0.42409,0.20604,0.254304,0.4466
bimanual_handoff,occluded_precondition,cross_robot_morphology,0.078,0.66,0.390264,0.315917,0.224352,0.416432,0.30591,0.348396,0.24492,0.262368,0.4582
bimanual_handoff,occluded_precondition,heldout_exception_composition,0.078,0.74,0.449512,0.359255,0.196262,0.476016,0.329073,0.381512,0.2514,0.318816,0.4814
bimanual_handoff,occluded_precondition,combined_exception_stress,0.078,0.86,0.488152,0.389023,0.211584,0.497296,0.359158,0.414628,0.27084,0.334944,0.5162
bimanual_handoff,embodiment_mismatch,nominal_scaling,0.078,0.12,0.298944,0.269715,0.36694,0.339824,0.145797,0.303354,0.181152,0.222112,0.3744
bimanual_handoff,embodiment_mismatch,contact_tail_shift,0.078,0.56,0.549504,0.475724,0.421757,0.36536,0.227727,0.419457,0.220032,0.27632,0.5328
bimanual_handoff,embodiment_mismatch,embodiment_shift,0.078,0.6,0.424224,0.380164,0.672351,0.382384,0.236544,0.437789,0.231696,0.296032,0.5472
bimanual_handoff,embodiment_mismatch,shortcut_shift,0.078,0.56,0.420336,0.376018,0.445251,0.505808,0.225577,0.407236,0.220032,0.37488,0.5328
bimanual_handoff,embodiment_mismatch,recovery_scarcity,0.078,0.62,0.482328,0.425588,0.500068,0.40792,0.258693,0.547782,0.247248,0.310816,0.5544
bimanual_handoff,embodiment_mismatch,cross_robot_morphology,0.078,0.66,0.458136,0.408059,0.688013,0.416432,0.247081,0.450011,0.293904,0.320672,0.5688
bimanual_handoff,embodiment_mismatch,heldout_exception_composition,0.078,0.74,0.527688,0.464038,0.601871,0.476016,0.265789,0.492786,0.30168,0.389664,0.5976
bimanual_handoff,embodiment_mismatch,combined_exception_stress,0.078,0.86,0.573048,0.502488,0.648858,0.497296,0.290089,0.535561,0.325008,0.409376,0.6408
bimanual_handoff,long_horizon_compounding,nominal_scaling,0.078,0.12,0.343232,0.234913,0.167516,0.318832,0.319365,0.410995,0.241536,0.20192,0.3536
bimanual_handoff,long_horizon_compounding,contact_tail_shift,0.078,0.56,0.630912,0.41434,0.192541,0.34168,0.498831,0.568297,0.293376,0.2512,0.5032
bimanual_handoff,long_horizon_compounding,embodiment_shift,0.078,0.6,0.487072,0.331111,0.306943,0.356912,0.518144,0.593134,0.308928,0.26912,0.5168
bimanual_handoff,long_horizon_compounding,shortcut_shift,0.078,0.56,0.482608,0.327499,0.203267,0.467344,0.494121,0.551739,0.293376,0.3408,0.5032
bimanual_handoff,long_horizon_compounding,recovery_scarcity,0.078,0.62,0.553784,0.370673,0.228292,0.37976,0.566661,0.742157,0.329664,0.28256,0.5236
bimanual_handoff,long_horizon_compounding,cross_robot_morphology,0.078,0.66,0.526008,0.355406,0.314093,0.387376,0.541225,0.609692,0.391872,0.29152,0.5372
bimanual_handoff,long_horizon_compounding,heldout_exception_composition,0.078,0.74,0.605864,0.404162,0.274767,0.440688,0.582205,0.667645,0.40224,0.35424,0.5644
bimanual_handoff,long_horizon_compounding,combined_exception_stress,0.078,0.86,0.657944,0.437651,0.296218,0.459728,0.635433,0.725599,0.433344,0.37216,0.6052
bimanual_handoff,spurious_visual_shortcut,nominal_scaling,0.078,0.12,0.287872,0.147908,0.143585,0.633712,0.15274,0.225069,0.140896,0.35336,0.2912
bimanual_handoff,spurious_visual_shortcut,contact_tail_shift,0.078,0.56,0.529152,0.260881,0.165036,0.69688,0.238572,0.31121,0.171136,0.4396,0.4144
bimanual_handoff,spurious_visual_shortcut,embodiment_shift,0.078,0.6,0.408512,0.208477,0.263094,0.738992,0.247808,0.324812,0.180208,0.47096,0.4256
bimanual_handoff,spurious_visual_shortcut,shortcut_shift,0.078,0.56,0.404768,0.206203,0.174228,1.044304,0.236319,0.302143,0.171136,0.5964,0.4144
bimanual_handoff,spurious_visual_shortcut,recovery_scarcity,0.078,0.62,0.464464,0.233387,0.195679,0.80216,0.271012,0.406419,0.192304,0.49448,0.4312
bimanual_handoff,spurious_visual_shortcut,cross_robot_morphology,0.078,0.66,0.441168,0.223774,0.269222,0.823216,0.258847,0.333879,0.228592,0.51016,0.4424
bimanual_handoff,spurious_visual_shortcut,heldout_exception_composition,0.078,0.74,0.508144,0.254472,0.235515,0.970608,0.278446,0.365615,0.23464,0.61992,0.4648
bimanual_handoff,spurious_visual_shortcut,combined_exception_stress,0.078,0.86,0.551824,0.275558,0.253901,1.023248,0.303903,0.397352,0.252784,0.65128,0.4984
bimanual_handoff,recovery_scarce_failure,nominal_scaling,0.078,0.12,0.398592,0.295816,0.199424,0.35032,0.256881,0.459923,0.211344,0.232208,0.4056
bimanual_handoff,recovery_scarce_failure,contact_tail_shift,0.078,0.56,0.732672,0.521761,0.229216,0.3772,0.401234,0.635951,0.256704,0.28888,0.5772
bimanual_handoff,recovery_scarce_failure,embodiment_shift,0.078,0.6,0.565632,0.416954,0.365408,0.39512,0.416768,0.663745,0.270312,0.309488,0.5928
bimanual_handoff,recovery_scarce_failure,shortcut_shift,0.078,0.56,0.560448,0.412406,0.241984,0.52504,0.397445,0.617422,0.256704,0.39192,0.5772
bimanual_handoff,recovery_scarce_failure,recovery_scarcity,0.078,0.62,0.643104,0.466774,0.271776,0.422,0.455793,0.830509,0.288456,0.324944,0.6006
bimanual_handoff,recovery_scarce_failure,cross_robot_morphology,0.078,0.66,0.610848,0.447549,0.37392,0.43096,0.435333,0.682275,0.342888,0.335248,0.6162
bimanual_handoff,recovery_scarce_failure,heldout_exception_composition,0.078,0.74,0.703584,0.508945,0.327104,0.49368,0.468296,0.747127,0.35196,0.407376,0.6474
bimanual_handoff,recovery_scarce_failure,combined_exception_stress,0.078,0.86,0.764064,0.551116,0.35264,0.51608,0.511109,0.81198,0.379176,0.427984,0.6942
bimanual_handoff,distribution_mixture_aliasing,nominal_scaling,0.078,0.12,0.365376,0.234913,0.215378,0.549744,0.208282,0.342496,0.20128,0.474512,0.364
bimanual_handoff,distribution_mixture_aliasing,contact_tail_shift,0.078,0.56,0.671616,0.41434,0.247553,0.60216,0.325325,0.473581,0.24448,0.59032,0.518
bimanual_handoff,distribution_mixture_aliasing,embodiment_shift,0.078,0.6,0.518496,0.331111,0.394641,0.637104,0.33792,0.494278,0.25744,0.632432,0.532
bimanual_handoff,distribution_mixture_aliasing,shortcut_shift,0.078,0.56,0.513744,0.327499,0.261343,0.890448,0.322253,0.459782,0.24448,0.80088,0.518
bimanual_handoff,distribution_mixture_aliasing,recovery_scarcity,0.078,0.62,0.589512,0.370673,0.293518,0.68952,0.369562,0.618464,0.27472,0.664016,0.539
bimanual_handoff,distribution_mixture_aliasing,cross_robot_morphology,0.078,0.66,0.559944,0.355406,0.403834,0.706992,0.352973,0.508077,0.32656,0.685072,0.553
bimanual_handoff,distribution_mixture_aliasing,heldout_exception_composition,0.078,0.74,0.644952,0.404162,0.353272,0.829296,0.379699,0.556371,0.3352,0.832464,0.581
bimanual_handoff,distribution_mixture_aliasing,combined_exception_stress,0.078,0.86,0.700392,0.437651,0.380851,0.872976,0.414413,0.604666,0.36112,0.874576,0.623
bimanual_handoff,actuator_latency_shift,nominal_scaling,0.078,0.12,0.321088,0.339319,0.279194,0.318832,0.22911,0.322925,0.462944,0.212016,0.3952
bimanual_handoff,actuator_latency_shift,contact_tail_shift,0.078,0.56,0.590208,0.598491,0.320902,0.34168,0.357857,0.446519,0.562304,0.26376,0.5624
bimanual_handoff,actuator_latency_shift,embodiment_shift,0.078,0.6,0.455648,0.478271,0.511571,0.356912,0.371712,0.466034,0.592112,0.282576,0.5776
bimanual_handoff,actuator_latency_shift,shortcut_shift,0.078,0.56,0.451472,0.473054,0.338778,0.467344,0.354478,0.433509,0.562304,0.35784,0.5624
bimanual_handoff,actuator_latency_shift,recovery_scarcity,0.078,0.62,0.518056,0.535417,0.380486,0.37976,0.406518,0.583123,0.631856,0.296688,0.5852
bimanual_handoff,actuator_latency_shift,cross_robot_morphology,0.078,0.66,0.492072,0.513365,0.523488,0.387376,0.38827,0.479044,0.751088,0.306096,0.6004
bimanual_handoff,actuator_latency_shift,heldout_exception_composition,0.078,0.74,0.566776,0.583789,0.457946,0.440688,0.417669,0.524579,0.77096,0.371952,0.6308
bimanual_handoff,actuator_latency_shift,combined_exception_stress,0.078,0.86,0.615496,0.632162,0.493696,0.459728,0.455854,0.570113,0.830576,0.390768,0.6764
bimanual_handoff,mixed_exception_stress,nominal_scaling,0.078,0.12,0.487168,0.36542,0.319078,0.570736,0.298537,0.430566,0.412624,0.424032,0.468
bimanual_handoff,mixed_exception_stress,contact_tail_shift,0.078,0.56,0.895488,0.644529,0.366746,0.62584,0.466299,0.595359,0.501184,0.52752,0.666
bimanual_handoff,mixed_exception_stress,embodiment_shift,0.078,0.6,0.691328,0.515061,0.584653,0.662576,0.484352,0.621379,0.527752,0.565152,0.684
bimanual_handoff,mixed_exception_stress,shortcut_shift,0.078,0.56,0.684992,0.509443,0.387174,0.928912,0.461896,0.578012,0.501184,0.71568,0.666
bimanual_handoff,mixed_exception_stress,recovery_scarcity,0.078,0.62,0.786016,0.576603,0.434842,0.71768,0.529705,0.777498,0.563176,0.593376,0.693
bimanual_handoff,mixed_exception_stress,cross_robot_morphology,0.078,0.66,0.746592,0.552854,0.598272,0.736048,0.505928,0.638725,0.669448,0.612192,0.711
bimanual_handoff,mixed_exception_stress,heldout_exception_composition,0.078,0.74,0.859936,0.628696,0.523366,0.864624,0.544236,0.699438,0.68716,0.743904,0.747
bimanual_handoff,mixed_exception_stress,combined_exception_stress,0.078,0.86,0.933856,0.68079,0.564224,0.910544,0.593992,0.760151,0.740296,0.781536,0.801
tool_use_sequence,rare_contact_tail,nominal_scaling,0.082,0.12,0.509312,0.422431,0.113357,0.22376,0.186803,0.270883,0.130832,0.111056,0.416
tool_use_sequence,rare_contact_tail,contact_tail_shift,0.082,0.56,0.936192,0.745085,0.130291,0.2372,0.291776,0.374559,0.158912,0.13816,0.592
tool_use_sequence,rare_contact_tail,embodiment_shift,0.082,0.6,0.722752,0.595418,0.207706,0.24616,0.303072,0.390929,0.167336,0.148016,0.608
tool_use_sequence,rare_contact_tail,shortcut_shift,0.082,0.56,0.716128,0.588924,0.137549,0.31112,0.28902,0.363646,0.158912,0.18744,0.592
tool_use_sequence,rare_contact_tail,recovery_scarcity,0.082,0.62,0.821744,0.666562,0.154483,0.2596,0.331451,0.489149,0.178568,0.155408,0.616
tool_use_sequence,rare_contact_tail,cross_robot_morphology,0.082,0.66,0.780528,0.639108,0.212544,0.26408,0.316572,0.401843,0.212264,0.160336,0.632
tool_use_sequence,rare_contact_tail,heldout_exception_composition,0.082,0.74,0.899024,0.726782,0.185933,0.29544,0.340543,0.440039,0.21788,0.194832,0.664
tool_use_sequence,rare_contact_tail,combined_exception_stress,0.082,0.86,0.976304,0.787003,0.200448,0.30664,0.371676,0.478236,0.234728,0.204688,0.712
tool_use_sequence,occluded_precondition,nominal_scaling,0.082,0.12,0.254656,0.225297,0.113357,0.318224,0.231279,0.224179,0.15096,0.181728,0.3016
tool_use_sequence,occluded_precondition,contact_tail_shift,0.082,0.56,0.468096,0.397379,0.130291,0.34376,0.361246,0.30998,0.18336,0.22608,0.4292
tool_use_sequence,occluded_precondition,embodiment_shift,0.082,0.6,0.361376,0.317556,0.207706,0.360784,0.375232,0.323528,0.19308,0.242208,0.4408
tool_use_sequence,occluded_precondition,shortcut_shift,0.082,0.56,0.358064,0.314093,0.137549,0.484208,0.357835,0.300948,0.18336,0.30672,0.4292
tool_use_sequence,occluded_precondition,recovery_scarcity,0.082,0.62,0.410872,0.3555,0.154483,0.38632,0.410367,0.404813,0.20604,0.254304,0.4466
tool_use_sequence,occluded_precondition,cross_robot_morphology,0.082,0.66,0.390264,0.340858,0.212544,0.394832,0.391947,0.332559,0.24492,0.262368,0.4582
tool_use_sequence,occluded_precondition,heldout_exception_composition,0.082,0.74,0.449512,0.387617,0.185933,0.454416,0.421624,0.36417,0.2514,0.318816,0.4814
tool_use_sequence,occluded_precondition,combined_exception_stress,0.082,0.86,0.488152,0.419735,0.200448,0.475696,0.460171,0.395781,0.27084,0.334944,0.5162
tool_use_sequence,embodiment_mismatch,nominal_scaling,0.082,0.12,0.298944,0.291008,0.347628,0.318224,0.186803,0.289565,0.181152,0.222112,0.3744
tool_use_sequence,embodiment_mismatch,contact_tail_shift,0.082,0.56,0.549504,0.513281,0.39956,0.34376,0.291776,0.400391,0.220032,0.27632,0.5328
tool_use_sequence,embodiment_mismatch,embodiment_shift,0.082,0.6,0.424224,0.410177,0.636964,0.360784,0.303072,0.41789,0.231696,0.296032,0.5472
tool_use_sequence,embodiment_mismatch,shortcut_shift,0.082,0.56,0.420336,0.405703,0.421816,0.484208,0.28902,0.388725,0.220032,0.37488,0.5328
tool_use_sequence,embodiment_mismatch,recovery_scarcity,0.082,0.62,0.482328,0.459187,0.473748,0.38632,0.331451,0.522883,0.247248,0.310816,0.5544
tool_use_sequence,embodiment_mismatch,cross_robot_morphology,0.082,0.66,0.458136,0.440274,0.651802,0.394832,0.316572,0.429556,0.293904,0.320672,0.5688
tool_use_sequence,embodiment_mismatch,heldout_exception_composition,0.082,0.74,0.527688,0.500672,0.570194,0.454416,0.340543,0.470387,0.30168,0.389664,0.5976
tool_use_sequence,embodiment_mismatch,combined_exception_stress,0.082,0.86,0.573048,0.542158,0.614707,0.475696,0.371676,0.511217,0.325008,0.409376,0.6408
tool_use_sequence,long_horizon_compounding,nominal_scaling,0.082,0.12,0.343232,0.253459,0.1587,0.297232,0.409187,0.392314,0.241536,0.20192,0.3536
tool_use_sequence,long_horizon_compounding,contact_tail_shift,0.082,0.56,0.630912,0.447051,0.182408,0.32008,0.639128,0.542465,0.293376,0.2512,0.5032
tool_use_sequence,long_horizon_compounding,embodiment_shift,0.082,0.6,0.487072,0.357251,0.290788,0.335312,0.663872,0.566173,0.308928,0.26912,0.5168
tool_use_sequence,long_horizon_compounding,shortcut_shift,0.082,0.56,0.482608,0.353354,0.192568,0.445744,0.633092,0.52666,0.293376,0.3408,0.5032
tool_use_sequence,long_horizon_compounding,recovery_scarcity,0.082,0.62,0.553784,0.399937,0.216276,0.35816,0.726035,0.708422,0.329664,0.28256,0.5236
tool_use_sequence,long_horizon_compounding,cross_robot_morphology,0.082,0.66,0.526008,0.383465,0.297562,0.365776,0.693444,0.581979,0.391872,0.29152,0.5372
tool_use_sequence,long_horizon_compounding,heldout_exception_composition,0.082,0.74,0.605864,0.436069,0.260306,0.419088,0.745951,0.637298,0.40224,0.35424,0.5644
tool_use_sequence,long_horizon_compounding,combined_exception_stress,0.082,0.86,0.657944,0.472202,0.280627,0.438128,0.814148,0.692617,0.433344,0.37216,0.6052
tool_use_sequence,spurious_visual_shortcut,nominal_scaling,0.082,0.12,0.287872,0.159585,0.136028,0.612112,0.195698,0.214838,0.140896,0.35336,0.2912
tool_use_sequence,spurious_visual_shortcut,contact_tail_shift,0.082,0.56,0.529152,0.281476,0.156349,0.67528,0.30567,0.297064,0.171136,0.4396,0.4144
tool_use_sequence,spurious_visual_shortcut,embodiment_shift,0.082,0.6,0.408512,0.224936,0.249247,0.717392,0.317504,0.310047,0.180208,0.47096,0.4256
tool_use_sequence,spurious_visual_shortcut,shortcut_shift,0.082,0.56,0.404768,0.222482,0.165059,1.022704,0.302783,0.288409,0.171136,0.5964,0.4144
tool_use_sequence,spurious_visual_shortcut,recovery_scarcity,0.082,0.62,0.464464,0.251812,0.18538,0.78056,0.347234,0.387946,0.192304,0.49448,0.4312
tool_use_sequence,spurious_visual_shortcut,cross_robot_morphology,0.082,0.66,0.441168,0.241441,0.255053,0.801616,0.331647,0.318703,0.228592,0.51016,0.4424
tool_use_sequence,spurious_visual_shortcut,heldout_exception_composition,0.082,0.74,0.508144,0.274562,0.223119,0.949008,0.356759,0.348996,0.23464,0.61992,0.4648
tool_use_sequence,spurious_visual_shortcut,combined_exception_stress,0.082,0.86,0.551824,0.297312,0.240538,1.001648,0.389375,0.37929,0.252784,0.65128,0.4984
tool_use_sequence,recovery_scarce_failure,nominal_scaling,0.082,0.12,0.398592,0.31917,0.188928,0.32872,0.329128,0.439018,0.211344,0.232208,0.4056
tool_use_sequence,recovery_scarce_failure,contact_tail_shift,0.082,0.56,0.732672,0.562953,0.217152,0.3556,0.514081,0.607044,0.256704,0.28888,0.5772
tool_use_sequence,recovery_scarce_failure,embodiment_shift,0.082,0.6,0.565632,0.449872,0.346176,0.37352,0.533984,0.633575,0.270312,0.309488,0.5928
tool_use_sequence,recovery_scarce_failure,shortcut_shift,0.082,0.56,0.560448,0.444965,0.229248,0.50344,0.509227,0.589357,0.256704,0.39192,0.5772
tool_use_sequence,recovery_scarce_failure,recovery_scarcity,0.082,0.62,0.643104,0.503624,0.257472,0.4004,0.583984,0.792758,0.288456,0.324944,0.6006
tool_use_sequence,recovery_scarce_failure,cross_robot_morphology,0.082,0.66,0.610848,0.482882,0.35424,0.40936,0.557771,0.651262,0.342888,0.335248,0.6162
tool_use_sequence,recovery_scarce_failure,heldout_exception_composition,0.082,0.74,0.703584,0.549124,0.309888,0.47208,0.600004,0.713167,0.35196,0.407376,0.6474
tool_use_sequence,recovery_scarce_failure,combined_exception_stress,0.082,0.86,0.764064,0.594625,0.33408,0.49448,0.654859,0.775071,0.379176,0.427984,0.6942
tool_use_sequence,distribution_mixture_aliasing,nominal_scaling,0.082,0.12,0.365376,0.253459,0.204042,0.528144,0.266861,0.326928,0.20128,0.474512,0.364
tool_use_sequence,distribution_mixture_aliasing,contact_tail_shift,0.082,0.56,0.671616,0.447051,0.234524,0.58056,0.416822,0.452054,0.24448,0.59032,0.518
tool_use_sequence,distribution_mixture_aliasing,embodiment_shift,0.082,0.6,0.518496,0.357251,0.37387,0.615504,0.43296,0.471811,0.25744,0.632432,0.532
tool_use_sequence,distribution_mixture_aliasing,shortcut_shift,0.082,0.56,0.513744,0.353354,0.247588,0.868848,0.412886,0.438883,0.24448,0.80088,0.518
tool_use_sequence,distribution_mixture_aliasing,recovery_scarcity,0.082,0.62,0.589512,0.399937,0.27807,0.66792,0.473501,0.590352,0.27472,0.664016,0.539
tool_use_sequence,distribution_mixture_aliasing,cross_robot_morphology,0.082,0.66,0.559944,0.383465,0.382579,0.685392,0.452246,0.484982,0.32656,0.685072,0.553
tool_use_sequence,distribution_mixture_aliasing,heldout_exception_composition,0.082,0.74,0.644952,0.436069,0.334679,0.807696,0.48649,0.531082,0.3352,0.832464,0.581
tool_use_sequence,distribution_mixture_aliasing,combined_exception_stress,0.082,0.86,0.700392,0.472202,0.360806,0.851376,0.530966,0.577181,0.36112,0.874576,0.623
tool_use_sequence,actuator_latency_shift,nominal_scaling,0.082,0.12,0.321088,0.366107,0.264499,0.297232,0.293547,0.308246,0.462944,0.212016,0.3952
tool_use_sequence,actuator_latency_shift,contact_tail_shift,0.082,0.56,0.590208,0.64574,0.304013,0.32008,0.458505,0.426223,0.562304,0.26376,0.5624
tool_use_sequence,actuator_latency_shift,embodiment_shift,0.082,0.6,0.455648,0.516029,0.484646,0.335312,0.476256,0.444851,0.592112,0.282576,0.5776
tool_use_sequence,actuator_latency_shift,shortcut_shift,0.082,0.56,0.451472,0.510401,0.320947,0.445744,0.454175,0.413804,0.562304,0.35784,0.5624
tool_use_sequence,actuator_latency_shift,recovery_scarcity,0.082,0.62,0.518056,0.577687,0.360461,0.35816,0.520851,0.556618,0.631856,0.296688,0.5852
tool_use_sequence,actuator_latency_shift,cross_robot_morphology,0.082,0.66,0.492072,0.553894,0.495936,0.365776,0.497471,0.457269,0.751088,0.306096,0.6004
tool_use_sequence,actuator_latency_shift,heldout_exception_composition,0.082,0.74,0.566776,0.629878,0.433843,0.419088,0.535139,0.500734,0.77096,0.371952,0.6308
tool_use_sequence,actuator_latency_shift,combined_exception_stress,0.082,0.86,0.615496,0.682069,0.467712,0.438128,0.584063,0.544199,0.830576,0.390768,0.6764
tool_use_sequence,mixed_exception_stress,nominal_scaling,0.082,0.12,0.487168,0.394269,0.302285,0.549136,0.3825,0.410995,0.412624,0.424032,0.468
tool_use_sequence,mixed_exception_stress,contact_tail_shift,0.082,0.56,0.895488,0.695412,0.347443,0.60424,0.597445,0.568297,0.501184,0.52752,0.666
tool_use_sequence,mixed_exception_stress,embodiment_shift,0.082,0.6,0.691328,0.555724,0.553882,0.640976,0.620576,0.593134,0.527752,0.565152,0.684
tool_use_sequence,mixed_exception_stress,shortcut_shift,0.082,0.56,0.684992,0.549662,0.366797,0.907312,0.591804,0.551739,0.501184,0.71568,0.666
tool_use_sequence,mixed_exception_stress,recovery_scarcity,0.082,0.62,0.786016,0.622124,0.411955,0.69608,0.678684,0.742157,0.563176,0.593376,0.693
tool_use_sequence,mixed_exception_stress,cross_robot_morphology,0.082,0.66,0.746592,0.596501,0.566784,0.714448,0.64822,0.609692,0.669448,0.612192,0.711
tool_use_sequence,mixed_exception_stress,heldout_exception_composition,0.082,0.74,0.859936,0.67833,0.495821,0.843024,0.697302,0.667645,0.68716,0.743904,0.747
tool_use_sequence,mixed_exception_stress,combined_exception_stress,0.082,0.86,0.933856,0.734536,0.534528,0.888944,0.761052,0.725599,0.740296,0.781536,0.801
shelf_retrieval,rare_contact_tail,nominal_scaling,0.074,0.12,0.509312,0.350309,0.125952,0.26336,0.159466,0.225736,0.130832,0.111056,0.416
shelf_retrieval,rare_contact_tail,contact_tail_shift,0.074,0.56,0.936192,0.617875,0.144768,0.2768,0.249077,0.312133,0.158912,0.13816,0.592
shelf_retrieval,rare_contact_tail,embodiment_shift,0.074,0.6,0.722752,0.493762,0.230784,0.28576,0.25872,0.325774,0.167336,0.148016,0.608
shelf_retrieval,rare_contact_tail,shortcut_shift,0.074,0.56,0.716128,0.488376,0.152832,0.35072,0.246725,0.303038,0.158912,0.18744,0.592
shelf_retrieval,rare_contact_tail,recovery_scarcity,0.074,0.62,0.821744,0.552758,0.171648,0.2992,0.282946,0.407624,0.178568,0.155408,0.616
shelf_retrieval,rare_contact_tail,cross_robot_morphology,0.074,0.66,0.780528,0.529992,0.23616,0.30368,0.270245,0.334869,0.212264,0.160336,0.632
shelf_retrieval,rare_contact_tail,heldout_exception_composition,0.074,0.74,0.899024,0.602698,0.206592,0.33504,0.290707,0.366699,0.21788,0.194832,0.664
shelf_retrieval,rare_contact_tail,combined_exception_stress,0.074,0.86,0.976304,0.652637,0.22272,0.34624,0.317285,0.39853,0.234728,0.204688,0.712
shelf_retrieval,occluded_precondition,nominal_scaling,0.074,0.12,0.254656,0.186831,0.125952,0.357824,0.197434,0.186816,0.15096,0.181728,0.3016
shelf_retrieval,occluded_precondition,contact_tail_shift,0.074,0.56,0.468096,0.329533,0.144768,0.38336,0.308381,0.258317,0.18336,0.22608,0.4292
shelf_retrieval,occluded_precondition,embodiment_shift,0.074,0.6,0.361376,0.26334,0.230784,0.400384,0.32032,0.269606,0.19308,0.242208,0.4408
shelf_retrieval,occluded_precondition,shortcut_shift,0.074,0.56,0.358064,0.260467,0.152832,0.523808,0.305469,0.25079,0.18336,0.30672,0.4292
shelf_retrieval,occluded_precondition,recovery_scarcity,0.074,0.62,0.410872,0.294804,0.171648,0.42592,0.350314,0.337344,0.20604,0.254304,0.4466
shelf_retrieval,occluded_precondition,cross_robot_morphology,0.074,0.66,0.390264,0.282662,0.23616,0.434432,0.334589,0.277133,0.24492,0.262368,0.4582
shelf_retrieval,occluded_precondition,heldout_exception_composition,0.074,0.74,0.449512,0.321439,0.206592,0.494016,0.359923,0.303475,0.2514,0.318816,0.4814
shelf_retrieval,occluded_precondition,combined_exception_stress,0.074,0.86,0.488152,0.348073,0.22272,0.515296,0.392829,0.329818,0.27084,0.334944,0.5162
shelf_retrieval,embodiment_mismatch,nominal_scaling,0.074,0.12,0.298944,0.241324,0.386253,0.357824,0.159466,0.241304,0.181152,0.222112,0.3744
shelf_retrieval,embodiment_mismatch,contact_tail_shift,0.074,0.56,0.549504,0.425647,0.443955,0.38336,0.249077,0.333659,0.220032,0.27632,0.5328
shelf_retrieval,embodiment_mismatch,embodiment_shift,0.074,0.6,0.424224,0.340147,0.707738,0.400384,0.25872,0.348242,0.231696,0.296032,0.5472
shelf_retrieval,embodiment_mismatch,shortcut_shift,0.074,0.56,0.420336,0.336437,0.468685,0.523808,0.246725,0.323938,0.220032,0.37488,0.5328
shelf_retrieval,embodiment_mismatch,recovery_scarcity,0.074,0.62,0.482328,0.380789,0.526387,0.42592,0.282946,0.435736,0.247248,0.310816,0.5544
shelf_retrieval,embodiment_mismatch,cross_robot_morphology,0.074,0.66,0.458136,0.365106,0.724224,0.434432,0.270245,0.357963,0.293904,0.320672,0.5688
shelf_retrieval,embodiment_mismatch,heldout_exception_composition,0.074,0.74,0.527688,0.415192,0.633549,0.494016,0.290707,0.391989,0.30168,0.389664,0.5976
shelf_retrieval,embodiment_mismatch,combined_exception_stress,0.074,0.86,0.573048,0.449594,0.683008,0.515296,0.317285,0.426014,0.325008,0.409376,0.6408
shelf_retrieval,long_horizon_compounding,nominal_scaling,0.074,0.12,0.343232,0.210185,0.176333,0.336832,0.349306,0.326928,0.241536,0.20192,0.3536
shelf_retrieval,long_horizon_compounding,contact_tail_shift,0.074,0.56,0.630912,0.370725,0.202675,0.35968,0.545597,0.452054,0.293376,0.2512,0.5032
shelf_retrieval,long_horizon_compounding,embodiment_shift,0.074,0.6,0.487072,0.296257,0.323098,0.374912,0.56672,0.471811,0.308928,0.26912,0.5168
shelf_retrieval,long_horizon_compounding,shortcut_shift,0.074,0.56,0.482608,0.293026,0.213965,0.485344,0.540445,0.438883,0.293376,0.3408,0.5032
shelf_retrieval,long_horizon_compounding,recovery_scarcity,0.074,0.62,0.553784,0.331655,0.240307,0.39776,0.619786,0.590352,0.329664,0.28256,0.5236
shelf_retrieval,long_horizon_compounding,cross_robot_morphology,0.074,0.66,0.526008,0.317995,0.330624,0.405376,0.591965,0.484982,0.391872,0.29152,0.5372
shelf_retrieval,long_horizon_compounding,heldout_exception_composition,0.074,0.74,0.605864,0.361619,0.289229,0.458688,0.636787,0.531082,0.40224,0.35424,0.5644
shelf_retrieval,long_horizon_compounding,combined_exception_stress,0.074,0.86,0.657944,0.391582,0.311808,0.477728,0.695005,0.577181,0.433344,0.37216,0.6052
shelf_retrieval,spurious_visual_shortcut,nominal_scaling,0.074,0.12,0.287872,0.132339,0.151142,0.651712,0.167059,0.179032,0.140896,0.35336,0.2912
shelf_retrieval,spurious_visual_shortcut,contact_tail_shift,0.074,0.56,0.529152,0.23342,0.173722,0.71488,0.260938,0.247554,0.171136,0.4396,0.4144
shelf_retrieval,spurious_visual_shortcut,embodiment_shift,0.074,0.6,0.408512,0.186532,0.276941,0.756992,0.27104,0.258373,0.180208,0.47096,0.4256
shelf_retrieval,spurious_visual_shortcut,shortcut_shift,0.074,0.56,0.404768,0.184498,0.183398,1.062304,0.258474,0.240341,0.171136,0.5964,0.4144
shelf_retrieval,spurious_visual_shortcut,recovery_scarcity,0.074,0.62,0.464464,0.20882,0.205978,0.82016,0.296419,0.323288,0.192304,0.49448,0.4312
shelf_retrieval,spurious_visual_shortcut,cross_robot_morphology,0.074,0.66,0.441168,0.200219,0.283392,0.841216,0.283114,0.265586,0.228592,0.51016,0.4424
shelf_retrieval,spurious_visual_shortcut,heldout_exception_composition,0.074,0.74,0.508144,0.227686,0.24791,0.988608,0.30455,0.29083,0.23464,0.61992,0.4648
shelf_retrieval,spurious_visual_shortcut,combined_exception_stress,0.074,0.86,0.551824,0.246552,0.267264,1.041248,0.332394,0.316075,0.252784,0.65128,0.4984
shelf_retrieval,recovery_scarce_failure,nominal_scaling,0.074,0.12,0.398592,0.264678,0.20992,0.36832,0.280963,0.365848,0.211344,0.232208,0.4056
shelf_retrieval,recovery_scarce_failure,contact_tail_shift,0.074,0.56,0.732672,0.466839,0.24128,0.3952,0.43885,0.50587,0.256704,0.28888,0.5772
shelf_retrieval,recovery_scarce_failure,embodiment_shift,0.074,0.6,0.565632,0.373064,0.38464,0.41312,0.45584,0.527979,0.270312,0.309488,0.5928
shelf_retrieval,recovery_scarce_failure,shortcut_shift,0.074,0.56,0.560448,0.368995,0.25472,0.54304,0.434706,0.491131,0.256704,0.39192,0.5772
shelf_retrieval,recovery_scarce_failure,recovery_scarcity,0.074,0.62,0.643104,0.41764,0.28608,0.44,0.498523,0.660632,0.288456,0.324944,0.6006
shelf_retrieval,recovery_scarce_failure,cross_robot_morphology,0.074,0.66,0.610848,0.400438,0.3936,0.44896,0.476146,0.542718,0.342888,0.335248,0.6162
shelf_retrieval,recovery_scarce_failure,heldout_exception_composition,0.074,0.74,0.703584,0.455372,0.34432,0.51168,0.512198,0.594306,0.35196,0.407376,0.6474
shelf_retrieval,recovery_scarce_failure,combined_exception_stress,0.074,0.86,0.764064,0.493103,0.3712,0.53408,0.559026,0.645893,0.379176,0.427984,0.6942
shelf_retrieval,distribution_mixture_aliasing,nominal_scaling,0.074,0.12,0.365376,0.210185,0.226714,0.567744,0.227808,0.27244,0.20128,0.474512,0.364
shelf_retrieval,distribution_mixture_aliasing,contact_tail_shift,0.074,0.56,0.671616,0.370725,0.260582,0.62016,0.355824,0.376712,0.24448,0.59032,0.518
shelf_retrieval,distribution_mixture_aliasing,embodiment_shift,0.074,0.6,0.518496,0.296257,0.415411,0.655104,0.3696,0.393176,0.25744,0.632432,0.532
shelf_retrieval,distribution_mixture_aliasing,shortcut_shift,0.074,0.56,0.513744,0.293026,0.275098,0.908448,0.352464,0.365736,0.24448,0.80088,0.518
shelf_retrieval,distribution_mixture_aliasing,recovery_scarcity,0.074,0.62,0.589512,0.331655,0.308966,0.70752,0.404208,0.49196,0.27472,0.664016,0.539
shelf_retrieval,distribution_mixture_aliasing,cross_robot_morphology,0.074,0.66,0.559944,0.317995,0.425088,0.724992,0.386064,0.404152,0.32656,0.685072,0.553
shelf_retrieval,distribution_mixture_aliasing,heldout_exception_composition,0.074,0.74,0.644952,0.361619,0.371866,0.847296,0.415296,0.442568,0.3352,0.832464,0.581
shelf_retrieval,distribution_mixture_aliasing,combined_exception_stress,0.074,0.86,0.700392,0.391582,0.400896,0.890976,0.453264,0.480984,0.36112,0.874576,0.623
shelf_retrieval,actuator_latency_shift,nominal_scaling,0.074,0.12,0.321088,0.303601,0.293888,0.336832,0.250589,0.256872,0.462944,0.212016,0.3952
shelf_retrieval,actuator_latency_shift,contact_tail_shift,0.074,0.56,0.590208,0.535492,0.337792,0.35968,0.391406,0.355186,0.562304,0.26376,0.5624
shelf_retrieval,actuator_latency_shift,embodiment_shift,0.074,0.6,0.455648,0.427927,0.538496,0.374912,0.40656,0.370709,0.592112,0.282576,0.5776
shelf_retrieval,actuator_latency_shift,shortcut_shift,0.074,0.56,0.451472,0.423259,0.356608,0.485344,0.38771,0.344837,0.562304,0.35784,0.5624
shelf_retrieval,actuator_latency_shift,recovery_scarcity,0.074,0.62,0.518056,0.479057,0.400512,0.39776,0.444629,0.463848,0.631856,0.296688,0.5852
shelf_retrieval,actuator_latency_shift,cross_robot_morphology,0.074,0.66,0.492072,0.459326,0.55104,0.405376,0.42467,0.381058,0.751088,0.306096,0.6004
shelf_retrieval,actuator_latency_shift,heldout_exception_composition,0.074,0.74,0.566776,0.522338,0.482048,0.458688,0.456826,0.417278,0.77096,0.371952,0.6308
shelf_retrieval,actuator_latency_shift,combined_exception_stress,0.074,0.86,0.615496,0.565619,0.51968,0.477728,0.49859,0.453499,0.830576,0.390768,0.6764
shelf_retrieval,mixed_exception_stress,nominal_scaling,0.074,0.12,0.487168,0.326955,0.335872,0.588736,0.326525,0.342496,0.412624,0.424032,0.468
shelf_retrieval,mixed_exception_stress,contact_tail_shift,0.074,0.56,0.895488,0.576684,0.386048,0.64384,0.510014,0.473581,0.501184,0.52752,0.666
shelf_retrieval,mixed_exception_stress,embodiment_shift,0.074,0.6,0.691328,0.460844,0.615424,0.680576,0.52976,0.494278,0.527752,0.565152,0.684
shelf_retrieval,mixed_exception_stress,shortcut_shift,0.074,0.56,0.684992,0.455818,0.407552,0.946912,0.505198,0.459782,0.501184,0.71568,0.666
shelf_retrieval,mixed_exception_stress,recovery_scarcity,0.074,0.62,0.786016,0.515908,0.457728,0.73568,0.579365,0.618464,0.563176,0.593376,0.693
shelf_retrieval,mixed_exception_stress,cross_robot_morphology,0.074,0.66,0.746592,0.494659,0.62976,0.754048,0.553358,0.508077,0.669448,0.612192,0.711
shelf_retrieval,mixed_exception_stress,heldout_exception_composition,0.074,0.74,0.859936,0.562518,0.550912,0.882624,0.595258,0.556371,0.68716,0.743904,0.747
shelf_retrieval,mixed_exception_stress,combined_exception_stress,0.074,0.86,0.933856,0.609128,0.59392,0.928544,0.649678,0.604666,0.740296,0.781536,0.801
articulated_object_opening,rare_contact_tail,nominal_scaling,0.086,0.12,0.509312,0.463644,0.122803,0.23456,0.164022,0.264434,0.130832,0.111056,0.416
articulated_object_opening,rare_contact_tail,contact_tail_shift,0.086,0.56,0.936192,0.817776,0.141149,0.248,0.256193,0.365641,0.158912,0.13816,0.592
articulated_object_opening,rare_contact_tail,embodiment_shift,0.086,0.6,0.722752,0.653508,0.225014,0.25696,0.266112,0.381621,0.167336,0.148016,0.608
articulated_object_opening,rare_contact_tail,shortcut_shift,0.086,0.56,0.716128,0.64638,0.149011,0.32192,0.253774,0.354988,0.158912,0.18744,0.592
articulated_object_opening,rare_contact_tail,recovery_scarcity,0.086,0.62,0.821744,0.731592,0.167357,0.2704,0.29103,0.477502,0.178568,0.155408,0.616
articulated_object_opening,rare_contact_tail,cross_robot_morphology,0.086,0.66,0.780528,0.70146,0.230256,0.27488,0.277966,0.392275,0.212264,0.160336,0.632
articulated_object_opening,rare_contact_tail,heldout_exception_composition,0.086,0.74,0.899024,0.797688,0.201427,0.30624,0.299013,0.429562,0.21788,0.194832,0.664
articulated_object_opening,rare_contact_tail,combined_exception_stress,0.086,0.86,0.976304,0.863784,0.217152,0.31744,0.32635,0.466849,0.234728,0.204688,0.712
articulated_object_opening,occluded_precondition,nominal_scaling,0.086,0.12,0.254656,0.247277,0.122803,0.329024,0.203075,0.218842,0.15096,0.181728,0.3016
articulated_object_opening,occluded_precondition,contact_tail_shift,0.086,0.56,0.468096,0.436147,0.141149,0.35456,0.317192,0.3026,0.18336,0.22608,0.4292
articulated_object_opening,occluded_precondition,embodiment_shift,0.086,0.6,0.361376,0.348538,0.225014,0.371584,0.329472,0.315825,0.19308,0.242208,0.4408
articulated_object_opening,occluded_precondition,shortcut_shift,0.086,0.56,0.358064,0.344736,0.149011,0.495008,0.314196,0.293783,0.18336,0.30672,0.4292
articulated_object_opening,occluded_precondition,recovery_scarcity,0.086,0.62,0.410872,0.390182,0.167357,0.39712,0.360323,0.395174,0.20604,0.254304,0.4466
articulated_object_opening,occluded_precondition,cross_robot_morphology,0.086,0.66,0.390264,0.374112,0.230256,0.405632,0.344148,0.324641,0.24492,0.262368,0.4582
articulated_object_opening,occluded_precondition,heldout_exception_composition,0.086,0.74,0.449512,0.425434,0.201427,0.465216,0.370207,0.3555,0.2514,0.318816,0.4814
articulated_object_opening,occluded_precondition,combined_exception_stress,0.086,0.86,0.488152,0.460685,0.217152,0.486496,0.404052,0.386358,0.27084,0.334944,0.5162
articulated_object_opening,embodiment_mismatch,nominal_scaling,0.086,0.12,0.298944,0.319399,0.376596,0.329024,0.164022,0.28267,0.181152,0.222112,0.3744
articulated_object_opening,embodiment_mismatch,contact_tail_shift,0.086,0.56,0.549504,0.563357,0.432856,0.35456,0.256193,0.390858,0.220032,0.27632,0.5328
articulated_object_opening,embodiment_mismatch,embodiment_shift,0.086,0.6,0.424224,0.450194,0.690044,0.371584,0.266112,0.40794,0.231696,0.296032,0.5472
articulated_object_opening,embodiment_mismatch,shortcut_shift,0.086,0.56,0.420336,0.445284,0.456968,0.495008,0.253774,0.37947,0.220032,0.37488,0.5328
articulated_object_opening,embodiment_mismatch,recovery_scarcity,0.086,0.62,0.482328,0.503986,0.513228,0.39712,0.29103,0.510434,0.247248,0.310816,0.5544
articulated_object_opening,embodiment_mismatch,cross_robot_morphology,0.086,0.66,0.458136,0.483228,0.706118,0.405632,0.277966,0.419328,0.293904,0.320672,0.5688
articulated_object_opening,embodiment_mismatch,heldout_exception_composition,0.086,0.74,0.527688,0.549518,0.61771,0.465216,0.299013,0.459187,0.30168,0.389664,0.5976
articulated_object_opening,embodiment_mismatch,combined_exception_stress,0.086,0.86,0.573048,0.595051,0.665933,0.486496,0.32635,0.499045,0.325008,0.409376,0.6408
articulated_object_opening,long_horizon_compounding,nominal_scaling,0.086,0.12,0.343232,0.278186,0.171924,0.308032,0.359286,0.382973,0.241536,0.20192,0.3536
articulated_object_opening,long_horizon_compounding,contact_tail_shift,0.086,0.56,0.630912,0.490666,0.197608,0.33088,0.561185,0.529549,0.293376,0.2512,0.5032
articulated_object_opening,long_horizon_compounding,embodiment_shift,0.086,0.6,0.487072,0.392105,0.31502,0.346112,0.582912,0.552693,0.308928,0.26912,0.5168
articulated_object_opening,long_horizon_compounding,shortcut_shift,0.086,0.56,0.482608,0.387828,0.208616,0.456544,0.555886,0.51412,0.293376,0.3408,0.5032
articulated_object_opening,long_horizon_compounding,recovery_scarcity,0.086,0.62,0.553784,0.438955,0.2343,0.36896,0.637494,0.691555,0.329664,0.28256,0.5236
articulated_object_opening,long_horizon_compounding,cross_robot_morphology,0.086,0.66,0.526008,0.420876,0.322358,0.376576,0.608878,0.568122,0.391872,0.29152,0.5372
articulated_object_opening,long_horizon_compounding,heldout_exception_composition,0.086,0.74,0.605864,0.478613,0.281998,0.429888,0.654981,0.622124,0.40224,0.35424,0.5644
articulated_object_opening,long_horizon_compounding,combined_exception_stress,0.086,0.86,0.657944,0.51827,0.304013,0.448928,0.714862,0.676126,0.433344,0.37216,0.6052
articulated_object_opening,spurious_visual_shortcut,nominal_scaling,0.086,0.12,0.287872,0.175154,0.147364,0.622912,0.171832,0.209723,0.140896,0.35336,0.2912
articulated_object_opening,spurious_visual_shortcut,contact_tail_shift,0.086,0.56,0.529152,0.308938,0.169379,0.68608,0.268393,0.289991,0.171136,0.4396,0.4144
articulated_object_opening,spurious_visual_shortcut,embodiment_shift,0.086,0.6,0.408512,0.246881,0.270017,0.728192,0.278784,0.302665,0.180208,0.47096,0.4256
articulated_object_opening,spurious_visual_shortcut,shortcut_shift,0.086,0.56,0.404768,0.244188,0.178813,1.033504,0.265859,0.281542,0.171136,0.5964,0.4144
articulated_object_opening,spurious_visual_shortcut,recovery_scarcity,0.086,0.62,0.464464,0.276379,0.200828,0.79136,0.304888,0.378709,0.192304,0.49448,0.4312
articulated_object_opening,spurious_visual_shortcut,cross_robot_morphology,0.086,0.66,0.441168,0.264996,0.276307,0.812416,0.291203,0.311115,0.228592,0.51016,0.4424
articulated_object_opening,spurious_visual_shortcut,heldout_exception_composition,0.086,0.74,0.508144,0.301349,0.241713,0.959808,0.313252,0.340687,0.23464,0.61992,0.4648
articulated_object_opening,spurious_visual_shortcut,combined_exception_stress,0.086,0.86,0.551824,0.326318,0.260582,1.012448,0.341891,0.37026,0.252784,0.65128,0.4984
articulated_object_opening,recovery_scarce_failure,nominal_scaling,0.086,0.12,0.398592,0.350309,0.204672,0.33952,0.288991,0.428565,0.211344,0.232208,0.4056
articulated_object_opening,recovery_scarce_failure,contact_tail_shift,0.086,0.56,0.732672,0.617875,0.235248,0.3664,0.451388,0.592591,0.256704,0.28888,0.5772
articulated_object_opening,recovery_scarce_failure,embodiment_shift,0.086,0.6,0.565632,0.493762,0.375024,0.38432,0.468864,0.61849,0.270312,0.309488,0.5928
articulated_object_opening,recovery_scarce_failure,shortcut_shift,0.086,0.56,0.560448,0.488376,0.248352,0.51424,0.447126,0.575325,0.256704,0.39192,0.5772
articulated_object_opening,recovery_scarce_failure,recovery_scarcity,0.086,0.62,0.643104,0.552758,0.278928,0.4112,0.512767,0.773883,0.288456,0.324944,0.6006
articulated_object_opening,recovery_scarce_failure,cross_robot_morphology,0.086,0.66,0.610848,0.529992,0.38376,0.42016,0.48975,0.635756,0.342888,0.335248,0.6162
articulated_object_opening,recovery_scarce_failure,heldout_exception_composition,0.086,0.74,0.703584,0.602698,0.335712,0.48288,0.526833,0.696187,0.35196,0.407376,0.6474
articulated_object_opening,recovery_scarce_failure,combined_exception_stress,0.086,0.86,0.764064,0.652637,0.36192,0.50528,0.574998,0.756617,0.379176,0.427984,0.6942
articulated_object_opening,distribution_mixture_aliasing,nominal_scaling,0.086,0.12,0.365376,0.278186,0.221046,0.538944,0.234317,0.319144,0.20128,0.474512,0.364
articulated_object_opening,distribution_mixture_aliasing,contact_tail_shift,0.086,0.56,0.671616,0.490666,0.254068,0.59136,0.36599,0.441291,0.24448,0.59032,0.518
articulated_object_opening,distribution_mixture_aliasing,embodiment_shift,0.086,0.6,0.518496,0.392105,0.405026,0.626304,0.38016,0.460578,0.25744,0.632432,0.532
articulated_object_opening,distribution_mixture_aliasing,shortcut_shift,0.086,0.56,0.513744,0.387828,0.26822,0.879648,0.362534,0.428434,0.24448,0.80088,0.518
articulated_object_opening,distribution_mixture_aliasing,recovery_scarcity,0.086,0.62,0.589512,0.438955,0.301242,0.67872,0.415757,0.576296,0.27472,0.664016,0.539
articulated_object_opening,distribution_mixture_aliasing,cross_robot_morphology,0.086,0.66,0.559944,0.420876,0.414461,0.696192,0.397094,0.473435,0.32656,0.685072,0.553
articulated_object_opening,distribution_mixture_aliasing,heldout_exception_composition,0.086,0.74,0.644952,0.478613,0.362569,0.818496,0.427162,0.518437,0.3352,0.832464,0.581
articulated_object_opening,distribution_mixture_aliasing,combined_exception_stress,0.086,0.86,0.700392,0.51827,0.390874,0.862176,0.466214,0.563438,0.36112,0.874576,0.623
articulated_object_opening,actuator_latency_shift,nominal_scaling,0.086,0.12,0.321088,0.401825,0.286541,0.308032,0.257748,0.300907,0.462944,0.212016,0.3952
articulated_object_opening,actuator_latency_shift,contact_tail_shift,0.086,0.56,0.590208,0.708739,0.329347,0.33088,0.402589,0.416075,0.562304,0.26376,0.5624
articulated_object_opening,actuator_latency_shift,embodiment_shift,0.086,0.6,0.455648,0.566374,0.525034,0.346112,0.418176,0.434259,0.592112,0.282576,0.5776
articulated_object_opening,actuator_latency_shift,shortcut_shift,0.086,0.56,0.451472,0.560196,0.347693,0.456544,0.398788,0.403952,0.562304,0.35784,0.5624
articulated_object_opening,actuator_latency_shift,recovery_scarcity,0.086,0.62,0.518056,0.634046,0.390499,0.36896,0.457332,0.543365,0.631856,0.296688,0.5852
articulated_object_opening,actuator_latency_shift,cross_robot_morphology,0.086,0.66,0.492072,0.607932,0.537264,0.376576,0.436804,0.446382,0.751088,0.306096,0.6004
articulated_object_opening,actuator_latency_shift,heldout_exception_composition,0.086,0.74,0.566776,0.69133,0.469997,0.429888,0.469878,0.488812,0.77096,0.371952,0.6308
articulated_object_opening,actuator_latency_shift,combined_exception_stress,0.086,0.86,0.615496,0.748613,0.506688,0.448928,0.512836,0.531242,0.830576,0.390768,0.6764
articulated_object_opening,mixed_exception_stress,nominal_scaling,0.086,0.12,0.487168,0.432734,0.327475,0.559936,0.335854,0.40121,0.412624,0.424032,0.468
articulated_object_opening,mixed_exception_stress,contact_tail_shift,0.086,0.56,0.895488,0.763258,0.376397,0.61504,0.524586,0.554766,0.501184,0.52752,0.666
articulated_object_opening,mixed_exception_stress,embodiment_shift,0.086,0.6,0.691328,0.609941,0.600038,0.651776,0.544896,0.579012,0.527752,0.565152,0.684
articulated_object_opening,mixed_exception_stress,shortcut_shift,0.086,0.56,0.684992,0.603288,0.397363,0.918112,0.519633,0.538602,0.501184,0.71568,0.666
articulated_object_opening,mixed_exception_stress,recovery_scarcity,0.086,0.62,0.786016,0.682819,0.446285,0.70688,0.595918,0.724486,0.563176,0.593376,0.693
articulated_object_opening,mixed_exception_stress,cross_robot_morphology,0.086,0.66,0.746592,0.654696,0.614016,0.725248,0.569169,0.595176,0.669448,0.612192,0.711
articulated_object_opening,mixed_exception_stress,heldout_exception_composition,0.086,0.74,0.859936,0.744509,0.537139,0.853824,0.612265,0.651749,0.68716,0.743904,0.747
articulated_object_opening,mixed_exception_stress,combined_exception_stress,0.086,0.86,0.933856,0.806198,0.579072,0.899744,0.668241,0.708323,0.740296,0.781536,0.801
cable_routing,rare_contact_tail,nominal_scaling,0.088,0.12,0.509312,0.453341,0.116506,0.24176,0.195915,0.290232,0.130832,0.111056,0.416
cable_routing,rare_contact_tail,contact_tail_shift,0.088,0.56,0.936192,0.799603,0.13391,0.2552,0.306009,0.401314,0.158912,0.13816,0.592
cable_routing,rare_contact_tail,embodiment_shift,0.088,0.6,0.722752,0.638986,0.213475,0.26416,0.317856,0.418853,0.167336,0.148016,0.608
cable_routing,rare_contact_tail,shortcut_shift,0.088,0.56,0.716128,0.632016,0.14137,0.32912,0.303119,0.389621,0.158912,0.18744,0.592
cable_routing,rare_contact_tail,recovery_scarcity,0.088,0.62,0.821744,0.715334,0.158774,0.2776,0.347619,0.524088,0.178568,0.155408,0.616
cable_routing,rare_contact_tail,cross_robot_morphology,0.088,0.66,0.780528,0.685872,0.218448,0.28208,0.332015,0.430546,0.212264,0.160336,0.632
cable_routing,rare_contact_tail,heldout_exception_composition,0.088,0.74,0.899024,0.779962,0.191098,0.31344,0.357155,0.47147,0.21788,0.194832,0.664
cable_routing,rare_contact_tail,combined_exception_stress,0.088,0.86,0.976304,0.844589,0.206016,0.32464,0.389807,0.512395,0.234728,0.204688,0.712
cable_routing,occluded_precondition,nominal_scaling,0.088,0.12,0.254656,0.241782,0.116506,0.336224,0.242561,0.240192,0.15096,0.181728,0.3016
cable_routing,occluded_precondition,contact_tail_shift,0.088,0.56,0.468096,0.426455,0.13391,0.36176,0.378868,0.332122,0.18336,0.22608,0.4292
cable_routing,occluded_precondition,embodiment_shift,0.088,0.6,0.361376,0.340792,0.213475,0.378784,0.393536,0.346637,0.19308,0.242208,0.4408
cable_routing,occluded_precondition,shortcut_shift,0.088,0.56,0.358064,0.337075,0.14137,0.502208,0.37529,0.322445,0.18336,0.30672,0.4292
cable_routing,occluded_precondition,recovery_scarcity,0.088,0.62,0.410872,0.381512,0.158774,0.40432,0.430385,0.433728,0.20604,0.254304,0.4466
cable_routing,occluded_precondition,cross_robot_morphology,0.088,0.66,0.390264,0.365798,0.218448,0.412832,0.411066,0.356314,0.24492,0.262368,0.4582
cable_routing,occluded_precondition,heldout_exception_composition,0.088,0.74,0.449512,0.41598,0.191098,0.472416,0.442191,0.390182,0.2514,0.318816,0.4814
cable_routing,occluded_precondition,combined_exception_stress,0.088,0.86,0.488152,0.450447,0.206016,0.493696,0.482618,0.424051,0.27084,0.334944,0.5162
cable_routing,embodiment_mismatch,nominal_scaling,0.088,0.12,0.298944,0.312301,0.357284,0.336224,0.195915,0.310248,0.181152,0.222112,0.3744
cable_routing,embodiment_mismatch,contact_tail_shift,0.088,0.56,0.549504,0.550838,0.410659,0.36176,0.306009,0.42899,0.220032,0.27632,0.5328
cable_routing,embodiment_mismatch,embodiment_shift,0.088,0.6,0.424224,0.44019,0.654657,0.378784,0.317856,0.447739,0.231696,0.296032,0.5472
cable_routing,embodiment_mismatch,shortcut_shift,0.088,0.56,0.420336,0.435389,0.433533,0.502208,0.303119,0.416491,0.220032,0.37488,0.5328
cable_routing,embodiment_mismatch,recovery_scarcity,0.088,0.62,0.482328,0.492786,0.486908,0.40432,0.347619,0.560232,0.247248,0.310816,0.5544
cable_routing,embodiment_mismatch,cross_robot_morphology,0.088,0.66,0.458136,0.47249,0.669907,0.412832,0.332015,0.460238,0.293904,0.320672,0.5688
cable_routing,embodiment_mismatch,heldout_exception_composition,0.088,0.74,0.527688,0.537307,0.586033,0.472416,0.357155,0.503986,0.30168,0.389664,0.5976
cable_routing,embodiment_mismatch,combined_exception_stress,0.088,0.86,0.573048,0.581828,0.631782,0.493696,0.389807,0.547733,0.325008,0.409376,0.6408
cable_routing,long_horizon_compounding,nominal_scaling,0.088,0.12,0.343232,0.272004,0.163108,0.315232,0.429147,0.420336,0.241536,0.20192,0.3536
cable_routing,long_horizon_compounding,contact_tail_shift,0.088,0.56,0.630912,0.479762,0.187475,0.33808,0.670305,0.581213,0.293376,0.2512,0.5032
cable_routing,long_horizon_compounding,embodiment_shift,0.088,0.6,0.487072,0.383391,0.298865,0.353312,0.696256,0.606614,0.308928,0.26912,0.5168
cable_routing,long_horizon_compounding,shortcut_shift,0.088,0.56,0.482608,0.37921,0.197917,0.463744,0.663975,0.564278,0.293376,0.3408,0.5032
cable_routing,long_horizon_compounding,recovery_scarcity,0.088,0.62,0.553784,0.429201,0.222284,0.37616,0.761451,0.759024,0.329664,0.28256,0.5236
cable_routing,long_horizon_compounding,cross_robot_morphology,0.088,0.66,0.526008,0.411523,0.305827,0.383776,0.727271,0.623549,0.391872,0.29152,0.5372
cable_routing,long_horizon_compounding,heldout_exception_composition,0.088,0.74,0.605864,0.467977,0.267537,0.437088,0.782339,0.682819,0.40224,0.35424,0.5644
cable_routing,long_horizon_compounding,combined_exception_stress,0.088,0.86,0.657944,0.506753,0.288422,0.456128,0.853863,0.74209,0.433344,0.37216,0.6052
cable_routing,spurious_visual_shortcut,nominal_scaling,0.088,0.12,0.287872,0.171262,0.139807,0.630112,0.205244,0.230184,0.140896,0.35336,0.2912
cable_routing,spurious_visual_shortcut,contact_tail_shift,0.088,0.56,0.529152,0.302072,0.160692,0.69328,0.32058,0.318283,0.171136,0.4396,0.4144
cable_routing,spurious_visual_shortcut,embodiment_shift,0.088,0.6,0.408512,0.241395,0.25617,0.735392,0.332992,0.332194,0.180208,0.47096,0.4256
cable_routing,spurious_visual_shortcut,shortcut_shift,0.088,0.56,0.404768,0.238762,0.169644,1.040704,0.317553,0.30901,0.171136,0.5964,0.4144
cable_routing,spurious_visual_shortcut,recovery_scarcity,0.088,0.62,0.464464,0.270237,0.190529,0.79856,0.364172,0.415656,0.192304,0.49448,0.4312
cable_routing,spurious_visual_shortcut,cross_robot_morphology,0.088,0.66,0.441168,0.259107,0.262138,0.819616,0.347825,0.341467,0.228592,0.51016,0.4424
cable_routing,spurious_visual_shortcut,heldout_exception_composition,0.088,0.74,0.508144,0.294652,0.229317,0.967008,0.374162,0.373925,0.23464,0.61992,0.4648
cable_routing,spurious_visual_shortcut,combined_exception_stress,0.088,0.86,0.551824,0.319067,0.247219,1.019648,0.408369,0.406382,0.252784,0.65128,0.4984
cable_routing,recovery_scarce_failure,nominal_scaling,0.088,0.12,0.398592,0.342524,0.194176,0.34672,0.345183,0.470376,0.211344,0.232208,0.4056
cable_routing,recovery_scarce_failure,contact_tail_shift,0.088,0.56,0.732672,0.604145,0.223184,0.3736,0.539158,0.650405,0.256704,0.28888,0.5772
cable_routing,recovery_scarce_failure,embodiment_shift,0.088,0.6,0.565632,0.482789,0.355792,0.39152,0.560032,0.67883,0.270312,0.309488,0.5928
cable_routing,recovery_scarce_failure,shortcut_shift,0.088,0.56,0.560448,0.477523,0.235616,0.52144,0.534067,0.631454,0.256704,0.39192,0.5772
cable_routing,recovery_scarce_failure,recovery_scarcity,0.088,0.62,0.643104,0.540475,0.264624,0.4184,0.612471,0.849384,0.288456,0.324944,0.6006
cable_routing,recovery_scarce_failure,cross_robot_morphology,0.088,0.66,0.610848,0.518214,0.36408,0.42736,0.584979,0.697781,0.342888,0.335248,0.6162
cable_routing,recovery_scarce_failure,heldout_exception_composition,0.088,0.74,0.703584,0.589304,0.318496,0.49008,0.629272,0.764107,0.35196,0.407376,0.6474
cable_routing,recovery_scarce_failure,combined_exception_stress,0.088,0.86,0.764064,0.638134,0.34336,0.51248,0.686803,0.830434,0.379176,0.427984,0.6942
cable_routing,distribution_mixture_aliasing,nominal_scaling,0.088,0.12,0.365376,0.272004,0.20971,0.546144,0.279878,0.35028,0.20128,0.474512,0.364
cable_routing,distribution_mixture_aliasing,contact_tail_shift,0.088,0.56,0.671616,0.479762,0.241039,0.59856,0.437155,0.484344,0.24448,0.59032,0.518
cable_routing,distribution_mixture_aliasing,embodiment_shift,0.088,0.6,0.518496,0.383391,0.384255,0.633504,0.45408,0.505512,0.25744,0.632432,0.532
cable_routing,distribution_mixture_aliasing,shortcut_shift,0.088,0.56,0.513744,0.37921,0.254465,0.886848,0.433027,0.470232,0.24448,0.80088,0.518
cable_routing,distribution_mixture_aliasing,recovery_scarcity,0.088,0.62,0.589512,0.429201,0.285794,0.68592,0.496598,0.63252,0.27472,0.664016,0.539
cable_routing,distribution_mixture_aliasing,cross_robot_morphology,0.088,0.66,0.559944,0.411523,0.393206,0.703392,0.474307,0.519624,0.32656,0.685072,0.553
cable_routing,distribution_mixture_aliasing,heldout_exception_composition,0.088,0.74,0.644952,0.467977,0.343976,0.825696,0.510221,0.569016,0.3352,0.832464,0.581
cable_routing,distribution_mixture_aliasing,combined_exception_stress,0.088,0.86,0.700392,0.506753,0.370829,0.869376,0.556867,0.618408,0.36112,0.874576,0.623
cable_routing,actuator_latency_shift,nominal_scaling,0.088,0.12,0.321088,0.392895,0.271846,0.315232,0.307866,0.330264,0.462944,0.212016,0.3952
cable_routing,actuator_latency_shift,contact_tail_shift,0.088,0.56,0.590208,0.692989,0.312458,0.33808,0.480871,0.456667,0.562304,0.26376,0.5624
cable_routing,actuator_latency_shift,embodiment_shift,0.088,0.6,0.455648,0.553788,0.498109,0.353312,0.499488,0.476626,0.592112,0.282576,0.5776
cable_routing,actuator_latency_shift,shortcut_shift,0.088,0.56,0.451472,0.547747,0.329862,0.463744,0.47633,0.443362,0.562304,0.35784,0.5624
cable_routing,actuator_latency_shift,recovery_scarcity,0.088,0.62,0.518056,0.619956,0.370474,0.37616,0.546258,0.596376,0.631856,0.296688,0.5852
cable_routing,actuator_latency_shift,cross_robot_morphology,0.088,0.66,0.492072,0.594422,0.509712,0.383776,0.521738,0.489931,0.751088,0.306096,0.6004
cable_routing,actuator_latency_shift,heldout_exception_composition,0.088,0.74,0.566776,0.675967,0.445894,0.437088,0.561243,0.536501,0.77096,0.371952,0.6308
cable_routing,actuator_latency_shift,combined_exception_stress,0.088,0.86,0.615496,0.731977,0.480704,0.456128,0.612554,0.58307,0.830576,0.390768,0.6764
cable_routing,mixed_exception_stress,nominal_scaling,0.088,0.12,0.487168,0.423118,0.310682,0.567136,0.401159,0.440352,0.412624,0.424032,0.468
cable_routing,mixed_exception_stress,contact_tail_shift,0.088,0.56,0.895488,0.746296,0.357094,0.62224,0.626589,0.60889,0.501184,0.52752,0.666
cable_routing,mixed_exception_stress,embodiment_shift,0.088,0.6,0.691328,0.596387,0.569267,0.658976,0.650848,0.635501,0.527752,0.565152,0.684
cable_routing,mixed_exception_stress,shortcut_shift,0.088,0.56,0.684992,0.589882,0.376986,0.925312,0.620672,0.591149,0.501184,0.71568,0.666
cable_routing,mixed_exception_stress,recovery_scarcity,0.088,0.62,0.786016,0.667645,0.423398,0.71408,0.711791,0.795168,0.563176,0.593376,0.693
cable_routing,mixed_exception_stress,cross_robot_morphology,0.088,0.66,0.746592,0.640147,0.582528,0.732448,0.67984,0.653242,0.669448,0.612192,0.711
cable_routing,mixed_exception_stress,heldout_exception_composition,0.088,0.74,0.859936,0.727964,0.509594,0.861024,0.731316,0.715334,0.68716,0.743904,0.747
cable_routing,mixed_exception_stress,combined_exception_stress,0.088,0.86,0.933856,0.788283,0.549376,0.906944,0.798176,0.777427,0.740296,0.781536,0.801
