method,seed,mean_success,ci95_success,mean_rare_failure_recall,ci95_rare_failure_recall,mean_contact_boundary_error,ci95_contact_boundary_error,mean_unsafe_commitment,ci95_unsafe_commitment,mean_overtrust_rate,ci95_overtrust_rate,mean_recovery_success,ci95_recovery_success,mean_tail_risk_rate,ci95_tail_risk_rate,mean_calibration_ece,ci95_calibration_ece,mean_intervention_cost,ci95_intervention_cost,mean_average_scaling_gain,ci95_average_scaling_gain,mean_boundary_risk_slope,ci95_boundary_risk_slope,mean_scale_exception_gap,ci95_scale_exception_gap,mean_boundary_coverage,ci95_boundary_coverage,mean_shortcut_reliance,ci95_shortcut_reliance,mean_morphology_transfer_gap,ci95_morphology_transfer_gap,mean_recoverability_deficit,ci95_recoverability_deficit,mean_regret_to_oracle,ci95_regret_to_oracle,mean_utility,ci95_utility,groups
boundary_aware_scale_exception_audit_v5,0,0.653108,0.016306,0.668981,0.016322,0.181878,0.013699,0.045966,0.007416,0.030423,0.006264,0.600198,0.016475,0.078373,0.009165,0.027447,0.005851,0.191468,0.014242,0.329696,0.016703,0.190807,0.014543,0.252976,0.01513,0.643188,0.017324,0.08168,0.01005,0.028108,0.005681,0.064484,0.008694,0.164683,0.016128,0.748474,0.015975,504
boundary_aware_scale_exception_audit_v5,1,0.651455,0.01786,0.642526,0.017317,0.190807,0.014309,0.037037,0.006394,0.023479,0.005467,0.598876,0.018254,0.079034,0.009349,0.022156,0.005112,0.190807,0.014801,0.321098,0.017218,0.178241,0.013924,0.237765,0.015398,0.625,0.018032,0.078373,0.009613,0.032407,0.006583,0.058862,0.008388,0.161045,0.016824,0.747214,0.01758,504
boundary_aware_scale_exception_audit_v5,2,0.667659,0.017445,0.645503,0.016463,0.174272,0.013136,0.037037,0.007081,0.025794,0.005653,0.603175,0.01836,0.077712,0.009478,0.028439,0.005778,0.195106,0.013254,0.314484,0.016599,0.198082,0.013595,0.231151,0.015237,0.635913,0.016205,0.085648,0.010256,0.024802,0.00565,0.07209,0.00944,0.156746,0.015921,0.762902,0.016749,504
boundary_aware_scale_exception_audit_v5,3,0.668981,0.016855,0.651455,0.016791,0.185847,0.014814,0.037698,0.007054,0.024471,0.005472,0.591931,0.018104,0.087302,0.010211,0.02381,0.005179,0.201389,0.014261,0.332672,0.017312,0.189815,0.014627,0.247024,0.015916,0.632937,0.017808,0.079696,0.009261,0.026786,0.005874,0.061177,0.008536,0.15873,0.016679,0.760744,0.016291,504
boundary_aware_scale_exception_audit_v5,4,0.660714,0.016811,0.64881,0.017841,0.182209,0.013742,0.042328,0.00721,0.024802,0.00565,0.597884,0.018005,0.090939,0.010359,0.021164,0.00485,0.189484,0.014267,0.32672,0.017008,0.198082,0.01429,0.251653,0.014622,0.627646,0.017243,0.087302,0.010129,0.024471,0.005395,0.065476,0.009042,0.167989,0.015997,0.75186,0.016372,504
boundary_aware_scale_exception_audit_v5,5,0.661376,0.017475,0.65377,0.017909,0.169312,0.013006,0.040675,0.007077,0.027116,0.005827,0.581019,0.017335,0.082011,0.009924,0.023148,0.005361,0.178241,0.014104,0.329365,0.016461,0.188492,0.014026,0.256283,0.014983,0.628638,0.016525,0.089286,0.010489,0.026124,0.005604,0.060185,0.008111,0.157077,0.016456,0.753338,0.01697,504
boundary_aware_scale_exception_audit_v5,6,0.647817,0.017294,0.65377,0.016258,0.188161,0.014341,0.037368,0.006606,0.026786,0.005655,0.584325,0.017263,0.083995,0.010134,0.027778,0.006086,0.17791,0.014061,0.323082,0.017056,0.190476,0.013449,0.231151,0.014443,0.636574,0.018173,0.094577,0.01017,0.02877,0.006154,0.059193,0.008243,0.165344,0.016566,0.743547,0.017235,504
boundary_aware_scale_exception_audit_v5,7,0.646164,0.017219,0.63955,0.017705,0.178571,0.013876,0.041667,0.007063,0.032738,0.006275,0.610119,0.017128,0.079696,0.009834,0.022156,0.005354,0.183862,0.013681,0.320106,0.017003,0.189484,0.014148,0.242063,0.015983,0.63955,0.016752,0.088955,0.01061,0.029762,0.006288,0.066138,0.009005,0.165344,0.016387,0.742312,0.016694,504
boundary_aware_scale_exception_audit_v5,8,0.685185,0.016538,0.638228,0.017328,0.171627,0.013082,0.040675,0.007195,0.023479,0.005619,0.603175,0.018452,0.088955,0.010205,0.026455,0.005555,0.190476,0.01348,0.324735,0.016319,0.179233,0.014231,0.240079,0.015191,0.637897,0.016893,0.08168,0.009622,0.028108,0.005606,0.063492,0.008579,0.13955,0.015417,0.778122,0.015861,504
boundary_aware_scale_exception_audit_v5,9,0.675926,0.016849,0.664352,0.016527,0.184854,0.014347,0.037037,0.006588,0.02877,0.006016,0.602513,0.017569,0.075066,0.009147,0.029101,0.005826,0.173611,0.014393,0.323082,0.016402,0.189484,0.014059,0.237765,0.014727,0.637897,0.01851,0.085979,0.00962,0.027778,0.005875,0.060847,0.008021,0.157407,0.016187,0.771263,0.015811,504
compute_balanced_scaling,0,0.38459,0.017641,0.29332,0.016943,0.326389,0.01682,0.133598,0.012141,0.17791,0.014121,0.307209,0.01665,0.206019,0.013868,0.201058,0.014802,0.14881,0.012979,0.381614,0.01726,0.369709,0.017886,0.407407,0.018493,0.270503,0.015737,0.254299,0.016358,0.084656,0.01005,0.148479,0.013057,0.385251,0.021675,0.343687,0.018482,504
compute_balanced_scaling,1,0.381283,0.017736,0.291336,0.015202,0.320106,0.016035,0.157738,0.012969,0.184524,0.014335,0.298942,0.0167,0.175265,0.013619,0.189484,0.013787,0.157738,0.012506,0.371693,0.017279,0.381944,0.01692,0.405093,0.016561,0.28869,0.015717,0.226852,0.015384,0.091601,0.010025,0.142857,0.012939,0.38922,0.021265,0.339897,0.018215,504
compute_balanced_scaling,2,0.372685,0.019322,0.279762,0.01502,0.325728,0.016943,0.137566,0.012287,0.190807,0.014102,0.294974,0.015178,0.176918,0.01381,0.188161,0.013369,0.162698,0.012475,0.383267,0.017406,0.375661,0.016887,0.407738,0.017172,0.265542,0.016019,0.238426,0.016045,0.088955,0.010123,0.150463,0.012651,0.408069,0.022179,0.329597,0.019876,504
compute_balanced_scaling,3,0.365079,0.016639,0.301587,0.01554,0.312169,0.017671,0.140542,0.012986,0.184524,0.014128,0.303241,0.016472,0.196429,0.01439,0.189815,0.014395,0.160714,0.012469,0.384259,0.016805,0.386905,0.017456,0.402778,0.016724,0.273479,0.016103,0.244709,0.015014,0.083664,0.010093,0.160714,0.013599,0.410714,0.020836,0.32308,0.017112,504
compute_balanced_scaling,4,0.378307,0.018274,0.289352,0.016257,0.313823,0.016618,0.146164,0.01262,0.194775,0.013955,0.303241,0.016318,0.200066,0.014137,0.199405,0.014674,0.171296,0.013572,0.387897,0.018247,0.38922,0.01712,0.408399,0.018632,0.272156,0.01564,0.238426,0.014789,0.097553,0.011131,0.160384,0.013889,0.409061,0.021953,0.332035,0.018865,504
compute_balanced_scaling,5,0.375331,0.018362,0.284722,0.015761,0.321759,0.016776,0.136243,0.012399,0.191799,0.014399,0.291667,0.016031,0.197421,0.013607,0.200066,0.014196,0.164021,0.012645,0.384921,0.017693,0.385251,0.017068,0.394511,0.017614,0.27877,0.016297,0.241071,0.015524,0.09623,0.010991,0.149471,0.011974,0.394841,0.021823,0.332819,0.018749,504
compute_balanced_scaling,6,0.37996,0.017331,0.286706,0.016279,0.303902,0.016145,0.142526,0.012487,0.172619,0.013845,0.297288,0.017183,0.185847,0.014085,0.199405,0.014267,0.160384,0.012349,0.381283,0.017083,0.374339,0.016812,0.416667,0.017165,0.286045,0.015765,0.239087,0.014878,0.097553,0.010548,0.149471,0.013275,0.392526,0.021668,0.338742,0.018054,504
compute_balanced_scaling,7,0.368717,0.017724,0.279431,0.016621,0.308862,0.016453,0.124669,0.011405,0.185847,0.013722,0.290013,0.016115,0.198743,0.014941,0.19246,0.013515,0.160384,0.013859,0.38922,0.017533,0.38955,0.017271,0.410714,0.016328,0.277116,0.016033,0.238426,0.015565,0.092923,0.010428,0.156415,0.012863,0.405093,0.021631,0.325486,0.018253,504
compute_balanced_scaling,8,0.368056,0.018179,0.281085,0.016109,0.325066,0.015915,0.147487,0.013349,0.190146,0.014318,0.299603,0.016861,0.185185,0.014211,0.195106,0.014025,0.16336,0.013005,0.376323,0.016572,0.364418,0.017196,0.402116,0.017579,0.286045,0.015845,0.25,0.016076,0.088624,0.010571,0.140873,0.012811,0.411045,0.021823,0.325686,0.018175,504
compute_balanced_scaling,9,0.371693,0.018088,0.287698,0.015762,0.329365,0.01743,0.146495,0.012406,0.176918,0.014378,0.302579,0.01704,0.201389,0.014201,0.19246,0.014331,0.176587,0.013736,0.374669,0.017385,0.386905,0.017791,0.409061,0.017779,0.28373,0.01567,0.238757,0.015513,0.084325,0.009623,0.155093,0.0134,0.404101,0.021762,0.328684,0.018467,504
conformal_risk_filter,0,0.457672,0.01855,0.428571,0.017523,0.274471,0.016013,0.085317,0.01054,0.084325,0.010092,0.397817,0.017307,0.14418,0.011942,0.095569,0.010567,0.198743,0.01416,0.273479,0.015812,0.270833,0.01672,0.239749,0.01568,0.428571,0.017109,0.169974,0.013102,0.07672,0.009649,0.112103,0.010798,0.321098,0.021521,0.483082,0.019107,504
conformal_risk_filter,1,0.434524,0.01777,0.415675,0.017409,0.274471,0.015396,0.084987,0.009795,0.085648,0.010379,0.37963,0.017899,0.139881,0.012068,0.116071,0.011507,0.207672,0.01473,0.275132,0.01514,0.284392,0.015793,0.236111,0.014773,0.42328,0.016759,0.164021,0.013822,0.060516,0.008572,0.105159,0.01096,0.339947,0.021274,0.455985,0.018735,504
conformal_risk_filter,2,0.438823,0.018317,0.42295,0.017545,0.279101,0.016421,0.088624,0.010769,0.095899,0.010878,0.395172,0.016864,0.136905,0.011997,0.101852,0.011345,0.204034,0.014676,0.266534,0.01572,0.292989,0.015898,0.247354,0.014963,0.418651,0.018049,0.170966,0.013338,0.064484,0.008448,0.113426,0.011707,0.347222,0.021148,0.460162,0.019522,504
conformal_risk_filter,3,0.457011,0.017797,0.428241,0.01762,0.275794,0.015785,0.088955,0.01041,0.09127,0.010357,0.378307,0.017181,0.13459,0.012485,0.111772,0.011484,0.195437,0.013453,0.274802,0.016009,0.292989,0.015442,0.262897,0.015394,0.407738,0.016214,0.154431,0.012485,0.064153,0.009021,0.112103,0.011803,0.329365,0.021378,0.476811,0.018662,504
conformal_risk_filter,4,0.458995,0.017904,0.44709,0.018296,0.271164,0.016101,0.071429,0.009344,0.088955,0.010288,0.397487,0.018228,0.134259,0.012828,0.114749,0.011462,0.206019,0.014893,0.258598,0.016215,0.29332,0.015758,0.25463,0.01532,0.43287,0.017327,0.165013,0.014199,0.074735,0.009417,0.118386,0.010966,0.332341,0.021232,0.486997,0.018719,504
conformal_risk_filter,5,0.460648,0.017396,0.435185,0.01743,0.281746,0.016689,0.08168,0.009795,0.089616,0.010487,0.404431,0.016759,0.142526,0.012487,0.104167,0.011013,0.209656,0.013831,0.260582,0.015598,0.286376,0.015945,0.243056,0.016065,0.422619,0.017737,0.164352,0.013499,0.058201,0.007907,0.11541,0.011225,0.313161,0.019993,0.485754,0.018292,504
conformal_risk_filter,6,0.438161,0.017834,0.425595,0.017049,0.27877,0.015879,0.082672,0.009924,0.07672,0.009649,0.402116,0.016645,0.140873,0.012377,0.106481,0.011428,0.203704,0.014436,0.284722,0.017265,0.285053,0.01554,0.254299,0.015044,0.407077,0.017022,0.172619,0.013784,0.066468,0.008725,0.108466,0.011433,0.338624,0.021237,0.461263,0.01925,504
conformal_risk_filter,7,0.452381,0.019168,0.424603,0.017896,0.280093,0.015886,0.077381,0.009609,0.073413,0.008901,0.39881,0.018445,0.141204,0.012568,0.103836,0.010941,0.211971,0.015377,0.264881,0.016592,0.286045,0.01616,0.247024,0.016231,0.417989,0.01719,0.173942,0.014111,0.068783,0.008513,0.111111,0.011275,0.326058,0.021114,0.477452,0.019978,504
conformal_risk_filter,8,0.45205,0.018434,0.43254,0.018067,0.282407,0.01688,0.080688,0.009664,0.08631,0.010006,0.401124,0.016963,0.132275,0.01176,0.107474,0.011038,0.209325,0.014623,0.268519,0.015541,0.27877,0.016426,0.250992,0.015571,0.412368,0.017645,0.166336,0.013217,0.072751,0.00971,0.116402,0.011536,0.334325,0.02069,0.476258,0.019506,504
conformal_risk_filter,9,0.453373,0.018619,0.424603,0.017298,0.289683,0.016355,0.084987,0.009881,0.092262,0.010553,0.378638,0.016816,0.130952,0.011694,0.104497,0.01097,0.210317,0.015235,0.263228,0.016602,0.290344,0.016291,0.249008,0.015462,0.416997,0.017067,0.158399,0.013197,0.066468,0.008868,0.104828,0.010614,0.335648,0.020912,0.474281,0.01927,504
data_only_scaling,0,0.328373,0.017391,0.265873,0.014843,0.308201,0.015766,0.140873,0.012679,0.183862,0.013681,0.283069,0.016364,0.201389,0.014437,0.196759,0.014044,0.162698,0.013355,0.319444,0.016445,0.376653,0.017897,0.364749,0.016631,0.268519,0.016021,0.236442,0.015954,0.089286,0.010449,0.164683,0.012712,0.434524,0.022213,0.286491,0.017491,504
data_only_scaling,1,0.343915,0.01719,0.278108,0.015755,0.316799,0.017638,0.156415,0.013471,0.188161,0.014134,0.29795,0.016288,0.213624,0.014303,0.188823,0.014451,0.161706,0.013649,0.335648,0.017323,0.378638,0.017064,0.367725,0.0169,0.250992,0.015353,0.219577,0.01484,0.093915,0.01066,0.155093,0.013082,0.421627,0.02045,0.29652,0.017656,504
data_only_scaling,2,0.33664,0.017718,0.258598,0.014946,0.340608,0.017276,0.151124,0.012921,0.181217,0.014276,0.286045,0.01603,0.206019,0.014836,0.20172,0.013728,0.154762,0.013287,0.326058,0.01622,0.384921,0.017211,0.37004,0.016925,0.257606,0.015745,0.231812,0.014565,0.099537,0.01088,0.155093,0.013525,0.44213,0.021363,0.290202,0.017631,504
data_only_scaling,3,0.320767,0.017805,0.256944,0.015203,0.328704,0.017404,0.152778,0.012886,0.183532,0.013761,0.283399,0.016333,0.191138,0.013992,0.176587,0.014306,0.157407,0.012983,0.322751,0.016943,0.379299,0.018034,0.382275,0.016975,0.259259,0.01603,0.227844,0.015258,0.093915,0.010299,0.153108,0.012575,0.453042,0.021143,0.275804,0.017776,504
data_only_scaling,4,0.33664,0.01699,0.279101,0.015821,0.318783,0.017118,0.149471,0.012757,0.179233,0.013471,0.277778,0.016259,0.20172,0.013941,0.191468,0.013451,0.167989,0.01367,0.329696,0.017658,0.364087,0.018486,0.385251,0.01692,0.261905,0.015096,0.229167,0.014768,0.088294,0.010533,0.155093,0.012953,0.44246,0.022399,0.29147,0.016975,504
data_only_scaling,5,0.342262,0.017834,0.268849,0.016279,0.309524,0.017211,0.151786,0.013593,0.190476,0.014091,0.257606,0.016063,0.204034,0.014444,0.188492,0.014026,0.177249,0.013422,0.326058,0.017542,0.388228,0.017689,0.363757,0.016531,0.260251,0.015327,0.243056,0.015314,0.089616,0.010161,0.160053,0.01341,0.423942,0.021742,0.294059,0.018132,504
data_only_scaling,6,0.335648,0.017755,0.283399,0.015514,0.324405,0.016813,0.143188,0.012327,0.185516,0.013893,0.268519,0.01535,0.190807,0.013554,0.195767,0.013834,0.166005,0.013359,0.347884,0.017167,0.400794,0.017737,0.35582,0.016954,0.256614,0.015121,0.22123,0.014752,0.088955,0.01041,0.165675,0.013089,0.43254,0.02161,0.29402,0.017965,504
data_only_scaling,7,0.331349,0.017577,0.268519,0.015756,0.320106,0.016779,0.138558,0.012045,0.184524,0.013551,0.270833,0.016052,0.189815,0.01401,0.199735,0.01355,0.158069,0.013211,0.328704,0.016864,0.389881,0.016554,0.359127,0.017165,0.270503,0.016444,0.243717,0.015039,0.087963,0.010209,0.156085,0.013516,0.438161,0.021612,0.289185,0.017922,504
data_only_scaling,8,0.339616,0.017291,0.267196,0.015821,0.320106,0.016009,0.147817,0.013242,0.175926,0.013585,0.282738,0.016266,0.194775,0.01443,0.180556,0.01434,0.172288,0.013647,0.32672,0.016171,0.384921,0.017646,0.374008,0.017348,0.247685,0.015242,0.228175,0.015589,0.104497,0.011567,0.161706,0.013802,0.433862,0.022084,0.294864,0.017444,504
data_only_scaling,9,0.323743,0.017736,0.267857,0.015868,0.326389,0.01677,0.142196,0.013059,0.178902,0.014129,0.283399,0.015809,0.192791,0.014832,0.194114,0.014585,0.167328,0.013359,0.34623,0.016943,0.381283,0.017352,0.37004,0.017049,0.271164,0.01485,0.23578,0.015764,0.097222,0.010788,0.156746,0.013674,0.447751,0.022121,0.281427,0.018394,504
dropout_risk_filter,0,0.429233,0.018523,0.404431,0.016734,0.282738,0.016162,0.080688,0.009707,0.10119,0.010744,0.387235,0.017629,0.135251,0.011662,0.126323,0.011936,0.200066,0.013775,0.256614,0.015232,0.295304,0.016191,0.248016,0.014331,0.403108,0.018058,0.180225,0.01403,0.065807,0.009322,0.127315,0.012188,0.344577,0.022359,0.447169,0.019446,504
dropout_risk_filter,1,0.431878,0.017766,0.410053,0.017375,0.276786,0.016011,0.095569,0.010078,0.092593,0.010748,0.37996,0.017379,0.147156,0.012682,0.108135,0.011065,0.198413,0.014061,0.249008,0.014507,0.310185,0.016054,0.251323,0.015187,0.39914,0.017462,0.164021,0.013483,0.075397,0.009685,0.11078,0.011281,0.344577,0.020799,0.447851,0.018833,504
dropout_risk_filter,2,0.432209,0.018162,0.409061,0.018725,0.275463,0.016313,0.080357,0.009793,0.090939,0.01044,0.394841,0.018205,0.138558,0.012525,0.107804,0.010917,0.200066,0.014373,0.256614,0.015452,0.299603,0.016533,0.246693,0.015213,0.417328,0.017744,0.164021,0.013135,0.074074,0.009589,0.121693,0.012056,0.354497,0.020881,0.453411,0.019277,504
dropout_risk_filter,3,0.438823,0.018681,0.402778,0.017439,0.286045,0.015898,0.092923,0.010863,0.090608,0.010642,0.384921,0.018868,0.132606,0.01268,0.114418,0.01183,0.198082,0.014895,0.255622,0.015644,0.280093,0.016201,0.23545,0.014939,0.400463,0.017568,0.164683,0.013762,0.066468,0.008725,0.111111,0.010621,0.345899,0.021762,0.457474,0.019702,504
dropout_risk_filter,4,0.434854,0.017744,0.403108,0.017585,0.290344,0.016394,0.094907,0.010208,0.098214,0.010933,0.387897,0.018038,0.141204,0.012767,0.123016,0.012232,0.205026,0.014526,0.256283,0.01575,0.296296,0.015986,0.236442,0.014546,0.378638,0.017211,0.172619,0.013412,0.078373,0.009657,0.117725,0.011097,0.354497,0.020801,0.449177,0.018711,504
dropout_risk_filter,5,0.441468,0.01813,0.40873,0.01813,0.278439,0.01583,0.091601,0.010832,0.096892,0.010313,0.390212,0.01676,0.149471,0.012423,0.116071,0.011616,0.204696,0.014226,0.255622,0.015751,0.291997,0.015077,0.232804,0.014632,0.386574,0.01762,0.16832,0.01312,0.074405,0.009679,0.118056,0.011013,0.338294,0.021347,0.457206,0.018943,504
dropout_risk_filter,6,0.440146,0.018027,0.402447,0.016997,0.279431,0.016288,0.087632,0.009917,0.095238,0.010767,0.38459,0.016985,0.147487,0.013158,0.113426,0.011849,0.19709,0.01484,0.262235,0.014898,0.291997,0.01631,0.250331,0.015435,0.402447,0.018262,0.150794,0.012836,0.071759,0.00879,0.121693,0.011484,0.336971,0.021642,0.456794,0.019076,504
dropout_risk_filter,7,0.429563,0.018567,0.401786,0.017625,0.280423,0.016759,0.090608,0.010562,0.097222,0.010788,0.400132,0.016857,0.145833,0.012465,0.12004,0.011154,0.208664,0.014376,0.266534,0.01609,0.298942,0.016875,0.258267,0.015769,0.404762,0.01802,0.17328,0.013504,0.072751,0.00949,0.119709,0.011533,0.352844,0.021124,0.444676,0.019478,504
dropout_risk_filter,8,0.424934,0.017871,0.405093,0.017476,0.298611,0.015721,0.092923,0.010347,0.099868,0.010799,0.387235,0.017819,0.145833,0.012962,0.113757,0.011843,0.205688,0.014513,0.251323,0.01439,0.28869,0.016087,0.243386,0.01537,0.387566,0.016901,0.169974,0.013005,0.072421,0.009663,0.124008,0.012446,0.355159,0.021492,0.439264,0.018727,504
dropout_risk_filter,9,0.435185,0.018164,0.396825,0.0172,0.263558,0.016006,0.081349,0.009578,0.098214,0.01038,0.381944,0.017627,0.143188,0.01253,0.109788,0.011593,0.20172,0.01348,0.247024,0.015623,0.304563,0.016592,0.238757,0.01459,0.411045,0.017329,0.173942,0.013407,0.080688,0.009794,0.119048,0.011585,0.347884,0.02206,0.453024,0.019184,504
ensemble_uncertainty_gate,0,0.423611,0.018364,0.410384,0.0174,0.296296,0.017374,0.095569,0.010647,0.098545,0.010657,0.371693,0.017617,0.153108,0.013067,0.136905,0.011568,0.19246,0.014004,0.274802,0.01627,0.313161,0.017185,0.284392,0.016471,0.388558,0.018209,0.184854,0.014347,0.080357,0.010089,0.112765,0.011168,0.349206,0.021217,0.434322,0.018997,504
ensemble_uncertainty_gate,1,0.405423,0.018301,0.394841,0.016609,0.277447,0.016621,0.09127,0.009985,0.105489,0.011107,0.383267,0.017285,0.143519,0.012751,0.137566,0.012321,0.202712,0.015013,0.280754,0.015717,0.310847,0.016628,0.274802,0.016501,0.379299,0.016976,0.157407,0.013492,0.080026,0.010578,0.110119,0.010759,0.369709,0.020721,0.415066,0.01923,504
ensemble_uncertainty_gate,2,0.419643,0.01828,0.411376,0.016937,0.280754,0.015903,0.083664,0.010093,0.097884,0.009627,0.388558,0.018139,0.137235,0.012468,0.119709,0.011606,0.204365,0.01508,0.287368,0.01637,0.310516,0.015886,0.261574,0.016662,0.397817,0.017355,0.170966,0.014224,0.070106,0.009285,0.121693,0.011773,0.363095,0.021083,0.43642,0.019315,504
ensemble_uncertainty_gate,3,0.41336,0.01898,0.393849,0.017845,0.305556,0.015998,0.09623,0.010719,0.096561,0.010834,0.363095,0.017696,0.149471,0.013051,0.123347,0.012292,0.199074,0.014751,0.26422,0.016315,0.310516,0.016888,0.265542,0.015807,0.393519,0.017913,0.176257,0.014085,0.0625,0.009269,0.115741,0.011441,0.37004,0.022159,0.423487,0.019943,504
ensemble_uncertainty_gate,4,0.433862,0.017846,0.398148,0.017503,0.26918,0.015234,0.100529,0.010713,0.099868,0.010799,0.37996,0.01823,0.147156,0.012748,0.120701,0.011904,0.203373,0.013893,0.269511,0.016782,0.304563,0.016336,0.276786,0.016705,0.377976,0.01627,0.169643,0.013118,0.07209,0.009395,0.111111,0.010934,0.353175,0.020195,0.442189,0.018882,504
ensemble_uncertainty_gate,5,0.433201,0.017969,0.384921,0.016915,0.282407,0.015957,0.100198,0.011026,0.105159,0.0113,0.373016,0.01769,0.143849,0.01254,0.126984,0.012671,0.205357,0.015018,0.27381,0.015675,0.311177,0.017362,0.260251,0.015814,0.390542,0.017477,0.178902,0.014336,0.071429,0.009116,0.115741,0.011477,0.342262,0.020716,0.441896,0.01878,504
ensemble_uncertainty_gate,6,0.417328,0.017744,0.399471,0.017987,0.292989,0.015414,0.099537,0.010566,0.115079,0.011781,0.375992,0.017791,0.142526,0.012214,0.132606,0.011785,0.212632,0.013925,0.267196,0.015141,0.304894,0.016935,0.261243,0.015994,0.398148,0.017742,0.177579,0.014197,0.07672,0.009822,0.114418,0.011057,0.354828,0.021465,0.427024,0.018582,504
ensemble_uncertainty_gate,7,0.435516,0.017524,0.389881,0.017202,0.294643,0.015378,0.090278,0.010722,0.109458,0.011707,0.359788,0.017108,0.145172,0.012321,0.13459,0.011969,0.19709,0.013659,0.265542,0.015375,0.284061,0.015718,0.275132,0.01611,0.383929,0.017727,0.170635,0.012841,0.079365,0.010087,0.119048,0.011658,0.342593,0.021678,0.443963,0.018656,504
ensemble_uncertainty_gate,8,0.426257,0.017819,0.39881,0.016771,0.287698,0.016493,0.098214,0.01038,0.110119,0.011067,0.374339,0.017643,0.147156,0.012312,0.132275,0.012455,0.20172,0.014151,0.252315,0.016075,0.300265,0.015815,0.266204,0.015695,0.381944,0.018375,0.174603,0.013373,0.070767,0.009472,0.124669,0.012224,0.352183,0.020787,0.434873,0.018686,504
ensemble_uncertainty_gate,9,0.426257,0.018054,0.386574,0.018254,0.289683,0.015964,0.091931,0.010231,0.115741,0.011404,0.378307,0.017206,0.145503,0.011996,0.12037,0.012122,0.190807,0.014072,0.272156,0.015774,0.308862,0.016144,0.261574,0.015727,0.402778,0.017679,0.170635,0.0131,0.067791,0.008934,0.118717,0.01152,0.354497,0.021575,0.436847,0.019011,504
generic_scaling_law_extrapolator,0,0.366402,0.017793,0.249008,0.015408,0.319114,0.017995,0.146495,0.0122,0.205688,0.014686,0.261905,0.01599,0.190146,0.01414,0.223214,0.014637,0.14881,0.012072,0.397487,0.016935,0.39881,0.016821,0.456019,0.017672,0.243386,0.015232,0.26455,0.0156,0.099537,0.010919,0.164683,0.013136,0.401786,0.021771,0.310344,0.018372,504
generic_scaling_law_extrapolator,1,0.355159,0.016786,0.247685,0.015704,0.334656,0.016818,0.148479,0.01253,0.207011,0.014368,0.267196,0.015687,0.204034,0.014988,0.229167,0.014654,0.152116,0.012516,0.392196,0.017567,0.400132,0.017542,0.420635,0.018301,0.26455,0.016364,0.257275,0.015449,0.095899,0.010604,0.155093,0.012855,0.412698,0.021259,0.301667,0.016912,504
generic_scaling_law_extrapolator,2,0.356151,0.017596,0.243717,0.015909,0.323743,0.01691,0.156085,0.012779,0.212302,0.014568,0.262897,0.015503,0.189815,0.014218,0.220569,0.015192,0.167989,0.01304,0.386905,0.017262,0.404101,0.018017,0.453373,0.016913,0.256614,0.015749,0.246032,0.015486,0.097553,0.010785,0.162368,0.012758,0.420966,0.021377,0.298977,0.017657,504
generic_scaling_law_extrapolator,3,0.346561,0.018291,0.25496,0.015042,0.314153,0.016583,0.149471,0.013275,0.208995,0.014529,0.277778,0.016388,0.20205,0.015081,0.222222,0.014449,0.157407,0.012787,0.38922,0.017461,0.405754,0.017742,0.444114,0.017748,0.247354,0.015864,0.262897,0.015719,0.101852,0.011082,0.161706,0.013368,0.429563,0.022258,0.292292,0.018259,504
generic_scaling_law_extrapolator,4,0.36078,0.017902,0.243056,0.015148,0.324405,0.01633,0.142196,0.012864,0.207672,0.014644,0.272817,0.015846,0.187831,0.014906,0.212302,0.014597,0.154101,0.013251,0.392857,0.017502,0.392857,0.01755,0.443783,0.017705,0.238426,0.014703,0.250661,0.015705,0.096561,0.011064,0.162037,0.013416,0.421296,0.02194,0.304821,0.018062,504
generic_scaling_law_extrapolator,5,0.349868,0.017969,0.257937,0.016035,0.305886,0.017255,0.162037,0.013416,0.217593,0.014228,0.26455,0.01639,0.205688,0.014942,0.233796,0.01501,0.164021,0.013357,0.38955,0.017799,0.404101,0.01735,0.436177,0.017757,0.249339,0.015839,0.272817,0.0169,0.101521,0.010934,0.157407,0.012983,0.419974,0.022038,0.292083,0.017972,504
generic_scaling_law_extrapolator,6,0.343585,0.017899,0.237434,0.015396,0.324405,0.017184,0.155423,0.012642,0.209325,0.014823,0.264881,0.016233,0.205026,0.014955,0.207341,0.014376,0.139881,0.012103,0.386243,0.017033,0.404762,0.017281,0.433862,0.017657,0.24537,0.01521,0.266534,0.016375,0.089286,0.009953,0.152116,0.013108,0.425926,0.022006,0.285951,0.017998,504
generic_scaling_law_extrapolator,7,0.345899,0.017639,0.250992,0.015971,0.31746,0.017329,0.148148,0.012907,0.206349,0.014294,0.270503,0.016134,0.218585,0.014451,0.230489,0.015203,0.161045,0.013303,0.401455,0.018325,0.395172,0.018506,0.427579,0.018001,0.250661,0.016968,0.260913,0.015074,0.095238,0.010205,0.170966,0.013925,0.424603,0.021546,0.290676,0.017707,504
generic_scaling_law_extrapolator,8,0.346561,0.017322,0.25463,0.015127,0.322751,0.017017,0.146495,0.012541,0.206349,0.014586,0.277116,0.016575,0.210648,0.0137,0.223214,0.015146,0.155754,0.013022,0.394841,0.01691,0.387897,0.016856,0.43287,0.018227,0.262566,0.015231,0.273479,0.016076,0.097222,0.010631,0.155423,0.013068,0.42791,0.021613,0.292664,0.017577,504
generic_scaling_law_extrapolator,9,0.36078,0.018135,0.251653,0.015407,0.315807,0.016635,0.147156,0.013298,0.203042,0.014536,0.27381,0.015513,0.201389,0.014582,0.216601,0.015045,0.157077,0.013126,0.401455,0.017694,0.417328,0.018096,0.431878,0.018187,0.248677,0.015408,0.26422,0.016571,0.093254,0.010744,0.158399,0.013729,0.417328,0.0224,0.308299,0.018539,504
invariance_penalty_policy,0,0.441138,0.01713,0.350198,0.017455,0.280423,0.0163,0.106481,0.011354,0.111772,0.011448,0.378638,0.017406,0.154762,0.012266,0.138228,0.012435,0.178571,0.013413,0.296958,0.01649,0.316799,0.016375,0.300265,0.017044,0.38459,0.016985,0.146825,0.012427,0.062831,0.008857,0.126323,0.011246,0.329365,0.020677,0.442751,0.017929,504
invariance_penalty_policy,1,0.457672,0.018322,0.368717,0.017218,0.268188,0.015998,0.102513,0.011036,0.131614,0.012609,0.375331,0.017493,0.170966,0.013925,0.140212,0.012366,0.188492,0.014293,0.303241,0.0159,0.300926,0.016855,0.311177,0.01692,0.376323,0.017726,0.146164,0.013207,0.055225,0.0083,0.115741,0.011218,0.321759,0.020706,0.455977,0.01942,504
invariance_penalty_policy,2,0.459987,0.018396,0.367725,0.016548,0.268849,0.015913,0.112103,0.011945,0.115741,0.011587,0.373016,0.016986,0.16832,0.013311,0.133929,0.012438,0.174603,0.013776,0.305886,0.015963,0.311508,0.016634,0.303571,0.016489,0.373677,0.01775,0.140212,0.012602,0.051257,0.007713,0.126653,0.012067,0.325728,0.021043,0.458869,0.019324,504
invariance_penalty_policy,3,0.455688,0.018897,0.340608,0.016832,0.274802,0.016501,0.107143,0.011344,0.12004,0.011191,0.393519,0.016797,0.176918,0.013992,0.134921,0.012339,0.164683,0.013701,0.301257,0.016211,0.314153,0.016507,0.293651,0.016432,0.375331,0.017732,0.141534,0.012078,0.05787,0.008515,0.121362,0.011529,0.331349,0.021576,0.454615,0.019427,504
invariance_penalty_policy,4,0.45668,0.017637,0.376984,0.017158,0.26918,0.016327,0.103175,0.010912,0.111772,0.010921,0.363095,0.016667,0.16336,0.013637,0.133929,0.011955,0.179563,0.013516,0.315807,0.016508,0.305225,0.016701,0.292659,0.015719,0.390542,0.017501,0.142526,0.012041,0.060516,0.008669,0.130952,0.011943,0.330688,0.020801,0.460784,0.018529,504
invariance_penalty_policy,5,0.450728,0.017779,0.36078,0.016685,0.282077,0.015857,0.116071,0.011135,0.121032,0.011861,0.352513,0.018042,0.165013,0.013088,0.131944,0.012465,0.171627,0.013525,0.304233,0.016976,0.308862,0.016808,0.303571,0.015997,0.384921,0.018666,0.140542,0.012658,0.056878,0.00798,0.117063,0.011703,0.33168,0.020485,0.447353,0.018692,504
invariance_penalty_policy,6,0.45205,0.017303,0.36541,0.016997,0.274471,0.016325,0.113757,0.011445,0.109458,0.011305,0.362103,0.018166,0.159061,0.013608,0.130952,0.012595,0.16336,0.013134,0.297288,0.017035,0.323743,0.017401,0.291336,0.01495,0.393519,0.01734,0.129299,0.012097,0.068783,0.008947,0.134259,0.012529,0.325728,0.020902,0.455253,0.018397,504
invariance_penalty_policy,7,0.460648,0.018153,0.362765,0.016608,0.289021,0.016823,0.107804,0.010994,0.110119,0.010798,0.378968,0.017193,0.157077,0.012367,0.139881,0.012513,0.167989,0.013578,0.305556,0.017577,0.286045,0.015414,0.320767,0.016377,0.375331,0.017079,0.140873,0.012877,0.063492,0.009554,0.137897,0.012647,0.318783,0.021105,0.461424,0.019166,504
invariance_penalty_policy,8,0.450066,0.017789,0.366733,0.017418,0.277447,0.015949,0.11541,0.011738,0.114087,0.01129,0.361442,0.017657,0.157738,0.013226,0.127646,0.011244,0.16832,0.013311,0.305556,0.016103,0.306878,0.016041,0.280423,0.015961,0.373016,0.017134,0.138228,0.012298,0.063492,0.008773,0.124339,0.012164,0.332011,0.02031,0.450982,0.018884,504
invariance_penalty_policy,9,0.455688,0.017462,0.379299,0.017657,0.27877,0.016856,0.108466,0.010711,0.124669,0.011981,0.353836,0.016748,0.160714,0.012333,0.122024,0.011365,0.172288,0.013585,0.320767,0.016351,0.318783,0.016543,0.288029,0.015836,0.392857,0.017088,0.143188,0.012631,0.054563,0.008384,0.122685,0.011891,0.325728,0.020454,0.458323,0.018155,504
large_behavior_clone,0,0.302579,0.017599,0.190476,0.014121,0.351852,0.016513,0.167328,0.013671,0.231481,0.015185,0.240741,0.015577,0.228175,0.015884,0.238426,0.015402,0.161376,0.013816,0.377315,0.016641,0.409722,0.017495,0.433201,0.017851,0.217593,0.015984,0.28373,0.016354,0.095569,0.010842,0.152447,0.012867,0.464286,0.022238,0.231877,0.017578,504
large_behavior_clone,1,0.302579,0.017837,0.194444,0.014005,0.334987,0.017445,0.161706,0.013017,0.224868,0.014859,0.231481,0.015295,0.220569,0.01477,0.231481,0.015295,0.159392,0.012993,0.347553,0.01776,0.414683,0.017456,0.426587,0.017094,0.212302,0.01508,0.273148,0.016365,0.113757,0.011482,0.159392,0.013439,0.463955,0.021746,0.235774,0.017475,504
large_behavior_clone,2,0.305225,0.016345,0.197751,0.014773,0.35119,0.017675,0.176918,0.01325,0.233796,0.014926,0.24041,0.015575,0.21627,0.013875,0.251984,0.015543,0.149802,0.012273,0.367725,0.017536,0.414021,0.017456,0.427579,0.017695,0.21164,0.014055,0.267526,0.016546,0.098545,0.011121,0.168651,0.013263,0.468585,0.021174,0.236718,0.016022,504
large_behavior_clone,3,0.311177,0.018375,0.185516,0.013832,0.350198,0.017837,0.162037,0.013258,0.22619,0.014503,0.232474,0.015277,0.231812,0.014852,0.239087,0.015569,0.158399,0.012677,0.358135,0.017527,0.407738,0.017656,0.421958,0.017714,0.208333,0.01431,0.261905,0.016355,0.111772,0.011074,0.17295,0.013077,0.464947,0.02264,0.243758,0.017818,504
large_behavior_clone,4,0.305556,0.016592,0.181548,0.013839,0.350198,0.017139,0.162698,0.01382,0.215608,0.015056,0.23578,0.015683,0.219246,0.015282,0.245701,0.01562,0.162037,0.013541,0.376984,0.017856,0.420966,0.017597,0.42295,0.017255,0.219577,0.014113,0.262566,0.016273,0.099868,0.010799,0.165344,0.013762,0.472884,0.021426,0.238213,0.016057,504
large_behavior_clone,5,0.307209,0.017987,0.195106,0.015206,0.348876,0.016498,0.169643,0.013745,0.227513,0.014778,0.232804,0.01528,0.214286,0.014403,0.250331,0.01488,0.169312,0.013326,0.365079,0.017137,0.425265,0.017823,0.429233,0.017805,0.225529,0.01498,0.274471,0.016065,0.106812,0.011497,0.163029,0.013277,0.459325,0.021742,0.23995,0.017519,504
large_behavior_clone,6,0.306878,0.017108,0.197751,0.013922,0.347553,0.01681,0.174603,0.013373,0.216931,0.014597,0.222884,0.014105,0.229497,0.01422,0.234788,0.014735,0.159392,0.01458,0.363095,0.016515,0.408399,0.016878,0.431217,0.017699,0.211971,0.014876,0.27877,0.015932,0.096892,0.010792,0.171627,0.013649,0.458003,0.021722,0.23807,0.016628,504
large_behavior_clone,7,0.293651,0.016861,0.194775,0.013865,0.342262,0.016586,0.170304,0.013775,0.225198,0.015474,0.237434,0.014697,0.230489,0.014725,0.251653,0.015407,0.160384,0.01311,0.36045,0.016752,0.418651,0.018142,0.40377,0.017275,0.223876,0.015155,0.283069,0.016467,0.105489,0.010878,0.165675,0.01393,0.473545,0.022599,0.227611,0.016536,504
large_behavior_clone,8,0.29795,0.01712,0.192791,0.014341,0.345238,0.017737,0.172288,0.0138,0.225529,0.014349,0.222884,0.01528,0.217593,0.015173,0.228505,0.014931,0.165344,0.013327,0.360119,0.017409,0.418651,0.01654,0.412698,0.018232,0.210648,0.014679,0.27414,0.016147,0.098876,0.011117,0.167989,0.013327,0.472553,0.022167,0.228686,0.016452,504
large_behavior_clone,9,0.308862,0.018156,0.194444,0.014095,0.337302,0.016815,0.170304,0.013621,0.224206,0.015076,0.23082,0.015481,0.204034,0.013788,0.227844,0.014867,0.156085,0.01291,0.36078,0.016785,0.419643,0.018417,0.413029,0.01743,0.223545,0.015206,0.259921,0.016132,0.109788,0.011149,0.169312,0.014004,0.468585,0.022354,0.242973,0.018245,504
medium_behavior_clone,0,0.276124,0.016688,0.208333,0.014457,0.335648,0.016955,0.154101,0.012962,0.165344,0.01291,0.238426,0.015646,0.213294,0.015511,0.205688,0.014071,0.151786,0.013121,0.208333,0.014544,0.367725,0.017172,0.258598,0.015307,0.22123,0.014723,0.217923,0.014785,0.098214,0.01101,0.171627,0.013587,0.487765,0.021285,0.230513,0.016742,504
medium_behavior_clone,1,0.282077,0.017831,0.218585,0.014881,0.339947,0.016377,0.162037,0.013131,0.170635,0.013228,0.236111,0.015551,0.213294,0.014703,0.189153,0.013591,0.169974,0.01323,0.21164,0.014145,0.372354,0.017606,0.265873,0.016173,0.223214,0.014752,0.211971,0.015541,0.098214,0.010739,0.165013,0.012828,0.482143,0.021792,0.238059,0.017488,504
medium_behavior_clone,2,0.271825,0.016685,0.217262,0.014544,0.347884,0.017722,0.157738,0.013384,0.165013,0.01399,0.23578,0.015656,0.211971,0.015568,0.176587,0.013797,0.16336,0.013513,0.219246,0.014374,0.381944,0.016543,0.265212,0.015102,0.223214,0.014666,0.20205,0.014219,0.106151,0.01121,0.164021,0.013545,0.500661,0.021262,0.225554,0.016541,504
medium_behavior_clone,3,0.28869,0.016829,0.208333,0.014369,0.332341,0.017589,0.151124,0.013306,0.17295,0.013142,0.245701,0.015294,0.212632,0.015526,0.194775,0.014224,0.161045,0.013982,0.239087,0.014621,0.384921,0.017381,0.276455,0.015883,0.236442,0.014946,0.21627,0.014614,0.104828,0.011193,0.166667,0.013391,0.485119,0.022125,0.242222,0.016816,504
medium_behavior_clone,4,0.276786,0.016168,0.208664,0.014318,0.342262,0.017379,0.149471,0.013019,0.154762,0.012232,0.237765,0.01515,0.216601,0.014961,0.193122,0.014263,0.162368,0.012954,0.227183,0.015952,0.37004,0.017512,0.267196,0.016473,0.231812,0.015571,0.214286,0.014257,0.108135,0.010834,0.163029,0.013497,0.499669,0.021449,0.231883,0.016032,504
medium_behavior_clone,5,0.271825,0.016735,0.213294,0.014296,0.333333,0.016207,0.151124,0.012888,0.170635,0.013512,0.243386,0.015149,0.215939,0.014665,0.187169,0.013981,0.149471,0.012558,0.204034,0.014503,0.383598,0.016543,0.270833,0.016208,0.210317,0.014353,0.228836,0.015596,0.101521,0.010381,0.178571,0.013192,0.490741,0.021167,0.225514,0.016669,504
medium_behavior_clone,6,0.265212,0.016126,0.211971,0.01427,0.330688,0.018025,0.159392,0.013656,0.164021,0.012843,0.246362,0.01524,0.20668,0.013701,0.196759,0.01437,0.166667,0.012943,0.22586,0.015208,0.391534,0.018494,0.273479,0.015679,0.207672,0.013998,0.208333,0.01483,0.093254,0.010586,0.160714,0.013475,0.499008,0.021722,0.221053,0.015769,504
medium_behavior_clone,7,0.277116,0.016163,0.206019,0.014404,0.344577,0.016281,0.157407,0.012951,0.167328,0.01364,0.242725,0.01481,0.218915,0.014886,0.189484,0.013908,0.154762,0.013662,0.221561,0.014699,0.384259,0.01683,0.291336,0.016528,0.227513,0.01531,0.207672,0.015208,0.103505,0.010712,0.174603,0.013246,0.492725,0.021897,0.228877,0.01627,504
medium_behavior_clone,8,0.283069,0.017265,0.212963,0.016143,0.338294,0.017916,0.156085,0.012812,0.165013,0.013869,0.246032,0.01496,0.210979,0.0146,0.179233,0.013902,0.162698,0.013132,0.221561,0.014899,0.373677,0.01739,0.260582,0.014992,0.21627,0.014323,0.200728,0.014065,0.096561,0.01095,0.172288,0.01383,0.487765,0.022289,0.237298,0.017082,504
medium_behavior_clone,9,0.268519,0.016715,0.209656,0.01463,0.325728,0.016438,0.153439,0.013214,0.156746,0.013582,0.233466,0.016116,0.222222,0.015271,0.194775,0.013985,0.17295,0.013798,0.224537,0.01477,0.385582,0.017583,0.283069,0.015708,0.228505,0.015293,0.213294,0.015014,0.103505,0.011136,0.161706,0.01292,0.503638,0.020647,0.222976,0.01637,504
model_only_scaling,0,0.332672,0.017288,0.222222,0.013516,0.349537,0.01662,0.151124,0.012691,0.209325,0.014303,0.248016,0.015325,0.21627,0.015095,0.222884,0.014661,0.170635,0.014031,0.355489,0.017044,0.406746,0.017217,0.421627,0.01781,0.234458,0.014789,0.259259,0.015111,0.097553,0.010588,0.164352,0.013311,0.434524,0.021831,0.269998,0.017249,504
model_only_scaling,1,0.304233,0.016396,0.217262,0.015333,0.348876,0.017728,0.15873,0.012662,0.205026,0.01515,0.249669,0.015243,0.21627,0.014614,0.233135,0.014345,0.159392,0.013501,0.367394,0.017017,0.399471,0.017513,0.428571,0.017207,0.243386,0.015205,0.270833,0.015761,0.113757,0.01088,0.165013,0.0135,0.46164,0.021076,0.2439,0.015892,504
model_only_scaling,2,0.323082,0.017081,0.21164,0.014055,0.334325,0.016931,0.152116,0.012946,0.203042,0.014095,0.243386,0.015479,0.218254,0.014819,0.239087,0.015943,0.157407,0.012554,0.361442,0.0171,0.407407,0.018102,0.407077,0.017581,0.243717,0.014526,0.256614,0.016144,0.099537,0.010919,0.164352,0.013374,0.452712,0.021147,0.263771,0.01721,504
model_only_scaling,3,0.322421,0.016979,0.228505,0.014732,0.323413,0.016821,0.156415,0.01381,0.218254,0.015513,0.25959,0.016081,0.204034,0.014903,0.214286,0.014977,0.173611,0.013139,0.363426,0.017656,0.405423,0.016964,0.414021,0.017719,0.237103,0.014723,0.263228,0.015823,0.107474,0.011076,0.163029,0.013021,0.453373,0.021039,0.261151,0.017059,504
model_only_scaling,4,0.331349,0.017041,0.23082,0.014927,0.308201,0.016573,0.17328,0.01341,0.195767,0.014342,0.245701,0.01562,0.214616,0.014584,0.212302,0.014335,0.164021,0.013545,0.367394,0.015812,0.40873,0.01799,0.413029,0.017646,0.238426,0.015043,0.26455,0.016026,0.098214,0.01146,0.158069,0.013464,0.448413,0.021691,0.269709,0.017178,504
model_only_scaling,5,0.303902,0.016532,0.220899,0.014488,0.343915,0.01714,0.157738,0.01264,0.205688,0.014308,0.259259,0.015924,0.215939,0.015475,0.223545,0.015562,0.165344,0.01367,0.344246,0.016979,0.41336,0.01844,0.41369,0.016916,0.244378,0.016355,0.272156,0.016427,0.097222,0.010591,0.170304,0.013866,0.46131,0.021042,0.245704,0.016515,504
model_only_scaling,6,0.322421,0.017491,0.22586,0.015509,0.326058,0.016706,0.161376,0.01287,0.218585,0.015491,0.261574,0.015592,0.202712,0.014324,0.228175,0.014927,0.165344,0.013547,0.362765,0.01681,0.404431,0.017617,0.412368,0.017332,0.237765,0.015588,0.259921,0.016053,0.097553,0.011244,0.158069,0.013148,0.444444,0.02204,0.262302,0.01747,504
model_only_scaling,7,0.332672,0.018235,0.227513,0.014606,0.32672,0.016683,0.160053,0.012832,0.220569,0.014278,0.255291,0.014788,0.218254,0.014705,0.231481,0.015649,0.161706,0.012789,0.367725,0.017318,0.392196,0.017663,0.402447,0.018986,0.224206,0.015651,0.269841,0.01561,0.105489,0.0108,0.154762,0.013693,0.436839,0.021969,0.272318,0.018155,504
model_only_scaling,8,0.323743,0.017328,0.218254,0.014676,0.332341,0.016906,0.157407,0.013429,0.208995,0.014616,0.244709,0.015319,0.21131,0.015744,0.214947,0.014357,0.152778,0.012755,0.371362,0.017224,0.386243,0.016958,0.400463,0.016557,0.226521,0.015408,0.263228,0.01569,0.092593,0.01039,0.166336,0.0139,0.451389,0.02225,0.265136,0.017086,504
model_only_scaling,9,0.321098,0.016996,0.239087,0.015378,0.328373,0.016523,0.152778,0.013049,0.197751,0.014659,0.257937,0.015771,0.211971,0.014734,0.232474,0.015359,0.181548,0.014258,0.364749,0.017031,0.412698,0.017381,0.409392,0.017178,0.233796,0.01501,0.269511,0.015907,0.10086,0.01043,0.167989,0.013975,0.451058,0.022121,0.265071,0.016947,504
oracle_exception_selector,0,0.75959,0.015081,0.676918,0.017081,0.161376,0.012935,0.013889,0.00423,0.00463,0.002394,0.651786,0.016426,0.054894,0.008086,0.006283,0.002922,0.180556,0.013461,0.405093,0.017548,0.160384,0.013301,0.303241,0.017099,0.670635,0.016965,0.058862,0.008586,0.017857,0.004688,0.049272,0.008024,0.0,0.0,0.860498,0.012984,504
oracle_exception_selector,1,0.760913,0.014678,0.685185,0.016462,0.154101,0.011983,0.013889,0.00423,0.002976,0.002136,0.633267,0.017199,0.064153,0.008492,0.001323,0.001292,0.196759,0.013893,0.407077,0.018262,0.187831,0.014093,0.294643,0.01659,0.68254,0.016761,0.059193,0.008294,0.015542,0.00443,0.039683,0.006787,0.0,0.0,0.861682,0.012853,504
oracle_exception_selector,2,0.769841,0.015144,0.694114,0.016041,0.156415,0.012732,0.018519,0.004668,0.005952,0.002703,0.644511,0.016593,0.060516,0.008523,0.003638,0.002128,0.199405,0.013999,0.417328,0.017601,0.171627,0.013802,0.300595,0.016018,0.668651,0.016206,0.055886,0.008367,0.018519,0.004668,0.042989,0.006881,0.0,0.0,0.865921,0.012819,504
oracle_exception_selector,3,0.770172,0.015085,0.690146,0.015719,0.154101,0.012699,0.013228,0.004043,0.002976,0.001929,0.658399,0.016915,0.065146,0.00899,0.003968,0.002403,0.190476,0.01385,0.406746,0.017532,0.171296,0.013353,0.294643,0.016792,0.680225,0.016613,0.066468,0.008916,0.021495,0.005134,0.046958,0.007397,0.0,0.0,0.865747,0.012325,504
oracle_exception_selector,4,0.773479,0.015104,0.700397,0.016507,0.165013,0.013088,0.015212,0.004195,0.004299,0.002309,0.628638,0.017321,0.061839,0.008349,0.005952,0.002854,0.17791,0.013418,0.399802,0.017587,0.180225,0.01403,0.297619,0.016035,0.678902,0.016314,0.066138,0.009144,0.017196,0.004883,0.041997,0.006957,0.0,0.0,0.870187,0.012803,504
oracle_exception_selector,5,0.758598,0.015661,0.709325,0.015705,0.165675,0.013593,0.016534,0.00445,0.003968,0.002403,0.63922,0.017593,0.05754,0.008102,0.005291,0.002554,0.175265,0.013401,0.398148,0.016816,0.175595,0.013633,0.304563,0.017017,0.674603,0.017078,0.055556,0.008207,0.017857,0.004688,0.047288,0.007743,0.0,0.0,0.860038,0.013539,504
oracle_exception_selector,6,0.760913,0.015378,0.705688,0.016672,0.160714,0.0129,0.013228,0.004043,0.003307,0.002031,0.645833,0.017228,0.061177,0.008585,0.005291,0.002554,0.181548,0.013655,0.406415,0.017602,0.175595,0.013633,0.309524,0.017113,0.669974,0.016615,0.066799,0.008633,0.015542,0.00443,0.041336,0.007454,0.0,0.0,0.86099,0.013207,504
oracle_exception_selector,7,0.762897,0.015746,0.689815,0.01634,0.161706,0.012182,0.018188,0.004723,0.002976,0.001929,0.65873,0.016754,0.063161,0.008671,0.005291,0.002713,0.183201,0.013687,0.401124,0.01738,0.189815,0.013949,0.298611,0.016858,0.660053,0.018017,0.058532,0.00848,0.015542,0.004616,0.044974,0.007491,0.0,0.0,0.861749,0.013441,504
oracle_exception_selector,8,0.766204,0.015506,0.690476,0.016689,0.160714,0.012401,0.012235,0.003908,0.006283,0.002774,0.653439,0.016653,0.063492,0.00853,0.007606,0.003305,0.189484,0.013969,0.402447,0.017605,0.178571,0.014057,0.281085,0.015978,0.67791,0.017622,0.060516,0.008766,0.014881,0.004153,0.036706,0.006822,0.0,0.0,0.864754,0.013062,504
oracle_exception_selector,9,0.767857,0.014883,0.705026,0.016276,0.170304,0.013621,0.014881,0.004153,0.003638,0.002128,0.661045,0.016899,0.06713,0.008878,0.003968,0.002403,0.186177,0.014067,0.406746,0.017723,0.178241,0.01321,0.296296,0.016402,0.67328,0.016809,0.060847,0.008228,0.01455,0.004311,0.049603,0.007604,0.0,0.0,0.869216,0.012643,504
proposed_embodied_scale_exception_audit_v4,0,0.58631,0.018257,0.579034,0.017597,0.221561,0.014556,0.065807,0.008618,0.054563,0.008333,0.543981,0.018211,0.103505,0.011174,0.053902,0.008006,0.186177,0.014334,0.30754,0.01618,0.25463,0.01586,0.253307,0.016256,0.542328,0.016912,0.110119,0.011293,0.045635,0.007627,0.083333,0.009967,0.212963,0.018156,0.65584,0.01812,504
proposed_embodied_scale_exception_audit_v4,1,0.581019,0.017719,0.583003,0.018488,0.215608,0.014515,0.063161,0.008425,0.057209,0.0084,0.525463,0.018502,0.122685,0.011748,0.053241,0.00804,0.19246,0.014243,0.309854,0.017178,0.239087,0.015241,0.255622,0.016251,0.550265,0.017507,0.117394,0.011029,0.040013,0.006741,0.078042,0.0093,0.214947,0.016915,0.648686,0.017985,504
proposed_embodied_scale_exception_audit_v4,2,0.600529,0.017465,0.56713,0.018134,0.213294,0.015375,0.064815,0.008843,0.050265,0.007736,0.507606,0.017263,0.097884,0.010859,0.057209,0.007989,0.181878,0.013729,0.31713,0.016493,0.237103,0.014978,0.25496,0.015565,0.537368,0.017999,0.104828,0.011342,0.042989,0.007579,0.079696,0.010004,0.209325,0.018096,0.667705,0.017816,504
proposed_embodied_scale_exception_audit_v4,3,0.581349,0.016818,0.575397,0.018452,0.20172,0.014121,0.054233,0.007963,0.053571,0.007564,0.532077,0.018446,0.108796,0.010665,0.060516,0.008118,0.181878,0.013134,0.309193,0.016134,0.24504,0.015265,0.262235,0.016015,0.527778,0.017697,0.099206,0.01061,0.044312,0.007351,0.088294,0.010084,0.219577,0.018705,0.6513,0.017275,504
proposed_embodied_scale_exception_audit_v4,4,0.580688,0.017383,0.572751,0.017433,0.213624,0.014035,0.058201,0.008117,0.057209,0.008197,0.542659,0.017744,0.106481,0.010939,0.054233,0.008172,0.184193,0.013287,0.330688,0.016641,0.238757,0.015648,0.254299,0.015674,0.547288,0.018055,0.110119,0.011367,0.035714,0.006707,0.090939,0.010237,0.22586,0.018252,0.650999,0.017729,504
proposed_embodied_scale_exception_audit_v4,5,0.584987,0.016692,0.584325,0.01772,0.213955,0.014629,0.071098,0.009475,0.059854,0.009083,0.523148,0.017819,0.103836,0.010589,0.055556,0.008051,0.187831,0.013103,0.330357,0.016754,0.224537,0.014453,0.253307,0.015433,0.543651,0.018344,0.109788,0.010882,0.042328,0.007151,0.092262,0.010351,0.205026,0.017593,0.654187,0.017146,504
proposed_embodied_scale_exception_audit_v4,6,0.582341,0.017791,0.587302,0.017039,0.217262,0.01434,0.061508,0.008542,0.04795,0.007602,0.52877,0.018143,0.111772,0.011774,0.063161,0.008957,0.197751,0.014251,0.311508,0.016836,0.238095,0.015858,0.250992,0.015271,0.53869,0.018847,0.108796,0.011279,0.04332,0.007076,0.082011,0.009839,0.216601,0.018846,0.652781,0.018118,504
proposed_embodied_scale_exception_audit_v4,7,0.58631,0.01779,0.579696,0.017309,0.210979,0.014426,0.068783,0.009179,0.055556,0.008359,0.527778,0.018027,0.106812,0.010934,0.049934,0.008045,0.191138,0.01375,0.319444,0.01642,0.237765,0.014813,0.277447,0.016571,0.534061,0.017885,0.115741,0.011367,0.041005,0.007383,0.085979,0.00962,0.220238,0.018892,0.651192,0.017967,504
proposed_embodied_scale_exception_audit_v4,8,0.584656,0.017238,0.570767,0.01735,0.214947,0.014819,0.057209,0.008248,0.058201,0.008272,0.537037,0.017805,0.112434,0.011324,0.049603,0.007714,0.170304,0.01334,0.306217,0.016626,0.233796,0.014292,0.258929,0.015196,0.541997,0.01827,0.097553,0.010667,0.041005,0.006972,0.089286,0.010529,0.219907,0.01846,0.65328,0.01756,504
proposed_embodied_scale_exception_audit_v4,9,0.602513,0.017925,0.573082,0.017093,0.214286,0.015144,0.064153,0.008241,0.056878,0.008442,0.526786,0.017529,0.117063,0.01115,0.059854,0.008409,0.176918,0.013218,0.320437,0.01719,0.234127,0.015455,0.252646,0.015731,0.543981,0.017238,0.105489,0.010916,0.042989,0.007467,0.094907,0.011078,0.206349,0.017997,0.670051,0.017862,504
retrieval_augmented_nearest_failure,0,0.460979,0.018492,0.443783,0.017344,0.273479,0.016207,0.097222,0.010631,0.108796,0.010938,0.412037,0.01646,0.137897,0.012241,0.127315,0.012291,0.179563,0.013609,0.286045,0.015898,0.296958,0.015892,0.27414,0.016861,0.438161,0.018045,0.178902,0.013767,0.064484,0.008742,0.125661,0.012059,0.31713,0.021363,0.483702,0.0195,504
retrieval_augmented_nearest_failure,1,0.463294,0.017727,0.446429,0.018327,0.265873,0.015885,0.095238,0.010767,0.108135,0.011065,0.401455,0.016966,0.131283,0.012108,0.117394,0.011477,0.1875,0.01461,0.285384,0.016275,0.290013,0.016323,0.266534,0.016272,0.423611,0.017876,0.178241,0.013893,0.06713,0.009065,0.111442,0.011454,0.313492,0.020464,0.48605,0.01892,504
retrieval_augmented_nearest_failure,2,0.465608,0.017632,0.448413,0.01726,0.268188,0.01468,0.093915,0.010461,0.105489,0.010955,0.414352,0.017189,0.149802,0.011747,0.127315,0.012049,0.194775,0.014075,0.284392,0.016292,0.291667,0.016496,0.268519,0.016178,0.450066,0.01641,0.169974,0.0143,0.063492,0.008916,0.117394,0.011551,0.32209,0.020555,0.488733,0.018387,504
retrieval_augmented_nearest_failure,3,0.472884,0.017941,0.436177,0.017993,0.272817,0.016624,0.09127,0.010599,0.097222,0.010309,0.405423,0.018232,0.140873,0.012137,0.122685,0.011712,0.198082,0.014407,0.299272,0.015865,0.29332,0.016591,0.259921,0.015574,0.447751,0.017318,0.157077,0.013537,0.072751,0.009579,0.123347,0.010836,0.315807,0.020572,0.496597,0.018813,504
retrieval_augmented_nearest_failure,4,0.470569,0.017617,0.455357,0.017825,0.267526,0.015951,0.099537,0.010764,0.104828,0.011079,0.393188,0.018259,0.140873,0.012377,0.117394,0.01205,0.186839,0.013479,0.282407,0.015745,0.291667,0.016699,0.253307,0.015102,0.441468,0.018245,0.174603,0.013807,0.074074,0.009589,0.123677,0.012076,0.320767,0.020549,0.494605,0.018267,504
retrieval_augmented_nearest_failure,5,0.468915,0.018356,0.427579,0.017407,0.261574,0.015886,0.100198,0.010677,0.113757,0.011949,0.409722,0.01804,0.13459,0.011576,0.117063,0.01181,0.189484,0.013415,0.29828,0.016046,0.281085,0.015978,0.267196,0.016241,0.438823,0.018432,0.166667,0.013169,0.071098,0.009159,0.119048,0.011801,0.312831,0.020294,0.489249,0.019313,504
retrieval_augmented_nearest_failure,6,0.46164,0.018018,0.441138,0.016957,0.268519,0.015756,0.099206,0.010961,0.108466,0.011359,0.405093,0.017715,0.148479,0.01253,0.118717,0.011484,0.174603,0.013341,0.28373,0.015344,0.290344,0.016874,0.27414,0.015069,0.439153,0.018791,0.17295,0.013614,0.06713,0.009019,0.121693,0.0124,0.320767,0.020732,0.482923,0.0189,504
retrieval_augmented_nearest_failure,7,0.464616,0.01874,0.433201,0.018155,0.261574,0.016201,0.098545,0.010377,0.108796,0.01161,0.402447,0.017071,0.143849,0.012772,0.112765,0.011317,0.187169,0.012852,0.287698,0.01662,0.291336,0.016063,0.266534,0.01635,0.44213,0.016746,0.163029,0.012792,0.066799,0.008967,0.10582,0.011693,0.314484,0.020767,0.485265,0.019448,504
retrieval_augmented_nearest_failure,8,0.467923,0.018354,0.448743,0.017545,0.265212,0.016741,0.10119,0.011204,0.116402,0.011645,0.409061,0.01827,0.13459,0.012452,0.12004,0.012234,0.186508,0.013898,0.287037,0.016143,0.268519,0.016021,0.273479,0.016076,0.437169,0.016622,0.168651,0.014213,0.065146,0.008848,0.111111,0.011678,0.314815,0.020961,0.48982,0.019125,504
retrieval_augmented_nearest_failure,9,0.46131,0.018622,0.442791,0.0183,0.257937,0.014977,0.094907,0.010084,0.103836,0.010902,0.426918,0.017044,0.12963,0.011983,0.126653,0.011605,0.179894,0.01315,0.289352,0.015864,0.289683,0.016483,0.255952,0.015804,0.438823,0.017325,0.165675,0.013469,0.056878,0.008291,0.107143,0.011381,0.323082,0.020894,0.487981,0.019488,504
risk_sensitive_cvar_policy,0,0.458003,0.017992,0.420966,0.017597,0.258598,0.015634,0.079696,0.009834,0.083995,0.009967,0.44213,0.017936,0.126984,0.011988,0.112103,0.011256,0.226521,0.014362,0.252646,0.015731,0.292989,0.016394,0.247024,0.014878,0.377646,0.017243,0.142196,0.012699,0.075397,0.009057,0.090608,0.010197,0.319114,0.021433,0.482411,0.018723,504
risk_sensitive_cvar_policy,1,0.453373,0.018323,0.414352,0.017719,0.271825,0.016042,0.073743,0.00963,0.090278,0.010484,0.420966,0.017405,0.128968,0.012279,0.107474,0.011151,0.219907,0.01476,0.255952,0.015616,0.292659,0.016375,0.234788,0.015487,0.391865,0.018245,0.165675,0.013024,0.060847,0.008578,0.100198,0.010873,0.320767,0.020975,0.477968,0.019246,504
risk_sensitive_cvar_policy,2,0.444444,0.01772,0.428902,0.01681,0.255291,0.015752,0.083995,0.01034,0.083995,0.009796,0.45205,0.018796,0.129299,0.01149,0.103836,0.010747,0.204365,0.013827,0.242394,0.015638,0.284061,0.015878,0.222222,0.015298,0.37996,0.017233,0.149471,0.013147,0.068122,0.008844,0.087302,0.010576,0.33664,0.020678,0.47204,0.018561,504
risk_sensitive_cvar_policy,3,0.433862,0.017295,0.418981,0.018002,0.267196,0.015927,0.078042,0.010124,0.079034,0.009572,0.443783,0.017799,0.123016,0.011413,0.105159,0.011374,0.219577,0.015668,0.258267,0.015473,0.289021,0.015817,0.246693,0.015213,0.40377,0.018385,0.160714,0.013753,0.068783,0.009087,0.095569,0.010958,0.347553,0.020095,0.460352,0.018034,504
risk_sensitive_cvar_policy,4,0.430886,0.018124,0.423611,0.017081,0.278439,0.016302,0.073743,0.009454,0.08664,0.010089,0.458333,0.017655,0.122685,0.011495,0.10119,0.010976,0.217923,0.014115,0.248677,0.01502,0.27414,0.015427,0.234127,0.014441,0.381283,0.017279,0.146825,0.012628,0.058532,0.00833,0.090939,0.0104,0.36078,0.021275,0.457148,0.019167,504
risk_sensitive_cvar_policy,5,0.438823,0.018086,0.400463,0.017181,0.275794,0.015705,0.079696,0.009705,0.080357,0.009443,0.435516,0.017763,0.142857,0.012808,0.121693,0.012867,0.222553,0.014628,0.254299,0.015458,0.29795,0.015975,0.234127,0.014843,0.400463,0.01752,0.157738,0.013384,0.074405,0.009591,0.100198,0.010316,0.336971,0.020586,0.461647,0.0191,504
risk_sensitive_cvar_policy,6,0.437831,0.016817,0.428571,0.01706,0.27414,0.015482,0.076389,0.010158,0.080357,0.009793,0.439153,0.017896,0.136574,0.01259,0.102513,0.010568,0.212302,0.014452,0.244709,0.014957,0.297288,0.015536,0.227183,0.015578,0.374339,0.017738,0.157738,0.013321,0.072421,0.00962,0.096892,0.010515,0.335317,0.020516,0.464053,0.017891,504
risk_sensitive_cvar_policy,7,0.447421,0.018633,0.412368,0.018116,0.279101,0.015334,0.072751,0.009622,0.08168,0.009838,0.435185,0.016965,0.135251,0.011841,0.104828,0.010965,0.209656,0.015139,0.248016,0.014851,0.296627,0.0169,0.223545,0.014983,0.388558,0.017235,0.166005,0.013073,0.06713,0.009518,0.084325,0.010421,0.330357,0.021952,0.474023,0.019525,504
risk_sensitive_cvar_policy,8,0.439815,0.018285,0.420635,0.017598,0.263889,0.015195,0.081349,0.010008,0.088294,0.010848,0.443783,0.017776,0.131944,0.012363,0.099537,0.010764,0.214616,0.014526,0.249339,0.015462,0.29795,0.016671,0.247024,0.016153,0.387566,0.017513,0.160714,0.013506,0.073082,0.009359,0.091931,0.010555,0.335648,0.021271,0.46329,0.019188,504
risk_sensitive_cvar_policy,9,0.426257,0.01883,0.414021,0.017955,0.275463,0.01608,0.070437,0.009818,0.083333,0.009882,0.430556,0.019295,0.133267,0.012891,0.103836,0.010864,0.210979,0.014942,0.249008,0.014823,0.293981,0.01627,0.238757,0.014819,0.390212,0.018251,0.159061,0.01367,0.061177,0.008536,0.092593,0.010144,0.354828,0.021641,0.451152,0.019948,504
small_behavior_clone,0,0.236442,0.016059,0.20668,0.014622,0.339286,0.01728,0.170966,0.014283,0.12996,0.011796,0.22123,0.014637,0.209325,0.015104,0.166997,0.013312,0.147817,0.013017,0.097222,0.01035,0.354828,0.016472,0.147487,0.011738,0.214947,0.015211,0.166336,0.013153,0.110119,0.011441,0.165013,0.013056,0.525463,0.021353,0.200861,0.015718,504
small_behavior_clone,1,0.223545,0.015643,0.209656,0.014072,0.335648,0.018292,0.169312,0.013545,0.133929,0.012438,0.228836,0.015019,0.213294,0.014208,0.165013,0.013374,0.165675,0.013153,0.095899,0.010282,0.341931,0.017894,0.123016,0.011704,0.203042,0.014478,0.166336,0.01393,0.108796,0.011316,0.168981,0.013898,0.540013,0.020983,0.190385,0.015235,504
small_behavior_clone,2,0.237434,0.016505,0.233135,0.015116,0.334325,0.0173,0.160714,0.012603,0.12004,0.011488,0.223545,0.015095,0.199074,0.014665,0.167659,0.013217,0.154431,0.012417,0.104497,0.011235,0.357804,0.016732,0.136243,0.012534,0.193122,0.014055,0.179894,0.013958,0.087302,0.010045,0.167328,0.013264,0.534392,0.021386,0.207599,0.016063,504
small_behavior_clone,3,0.229828,0.016472,0.219577,0.015342,0.343585,0.017686,0.164352,0.013023,0.132275,0.012319,0.227183,0.015,0.221561,0.014927,0.171627,0.013649,0.166005,0.013296,0.104497,0.010658,0.357804,0.017056,0.150463,0.012816,0.200066,0.014226,0.173942,0.013809,0.102513,0.011112,0.166997,0.012597,0.542659,0.021203,0.196111,0.01585,504
small_behavior_clone,4,0.226852,0.015384,0.207011,0.015523,0.349537,0.016771,0.162698,0.012971,0.141534,0.01259,0.238095,0.014353,0.209987,0.014287,0.169974,0.014182,0.179894,0.013467,0.10582,0.01114,0.333333,0.016894,0.145172,0.012423,0.214616,0.014785,0.173942,0.01387,0.104828,0.011079,0.173611,0.013795,0.549272,0.021093,0.192265,0.014919,504
small_behavior_clone,5,0.226521,0.016336,0.21627,0.014411,0.337963,0.016713,0.165344,0.013264,0.123016,0.011811,0.219577,0.015315,0.223214,0.014809,0.164021,0.012712,0.159061,0.01291,0.097553,0.010428,0.357143,0.016125,0.142526,0.01308,0.215939,0.014405,0.161045,0.013708,0.111772,0.011557,0.168651,0.013007,0.534722,0.021234,0.195476,0.015662,504
small_behavior_clone,6,0.233135,0.01577,0.217593,0.013747,0.333995,0.017457,0.174272,0.013639,0.125661,0.012672,0.232804,0.015057,0.219246,0.014863,0.160053,0.013156,0.169974,0.013102,0.095899,0.010363,0.345238,0.016986,0.140873,0.012811,0.199735,0.014711,0.188823,0.014509,0.108796,0.011574,0.171958,0.013786,0.531415,0.021743,0.198218,0.015406,504
small_behavior_clone,7,0.230489,0.015854,0.22123,0.014695,0.338294,0.016446,0.164021,0.01373,0.134259,0.01198,0.240079,0.015329,0.210979,0.014628,0.155423,0.012609,0.154101,0.012699,0.102183,0.010691,0.326389,0.017216,0.142196,0.013091,0.214286,0.014778,0.171296,0.014268,0.10086,0.011208,0.183532,0.013913,0.534722,0.021372,0.199286,0.015418,504
small_behavior_clone,8,0.229497,0.015413,0.207341,0.01478,0.32705,0.015975,0.155093,0.012388,0.129299,0.011744,0.227513,0.015956,0.212632,0.015795,0.170304,0.013896,0.172288,0.013303,0.109788,0.011073,0.362103,0.016768,0.146495,0.013099,0.218915,0.014716,0.173942,0.014979,0.109127,0.011385,0.168651,0.013914,0.539021,0.021246,0.195675,0.015097,504
small_behavior_clone,9,0.238095,0.015263,0.208333,0.014716,0.331019,0.01754,0.157738,0.013001,0.136574,0.012456,0.232804,0.014517,0.218585,0.0153,0.160053,0.012963,0.164021,0.013669,0.090939,0.01044,0.342593,0.017463,0.140212,0.012768,0.196759,0.014717,0.177579,0.013435,0.111442,0.01138,0.170966,0.013433,0.530423,0.020834,0.202492,0.015009,504
